2;EKJP;ZNN;IUE@gmail.com;9/1/2021
6;MQBQ;ZNB;YBG@gmail.com;4/4/2021000
9;JTVE;IRE;SJT@gmail.com;2/16/2021
11;UTQS;PZN;FWS@gmail.com;6/22/2021
13;DPOJ;ZTW;QBO@gmail.com;10/30/2021
14;HJUT;UON;WHA@gmail.com;10/21/2021
15;ACHK;AZH;MLU@gmail.com;10/22/2021
16;QQHK;JSV;YIR@gmail.com;2/4/2021
18;FVPD;ENV;DHQ@gmail.com;6/21/2021
19;XNJM;ERZ;YTD@gmail.com;2/3/2021
21;AKZU;OMR;LQF@gmail.com;10/22/2021
23;AWXU;QQQ;UQL@gmail.com;8/23/2021
24;YZIZ;XAE;PSC@gmail.com;2/19/2021
25;MDSK;HVS;YNW@gmail.com;9/21/2021
26;NNVF;XWO;QQB@gmail.com;4/14/2021
28;SNDV;YYL;EZA@gmail.com;9/25/2021
31;RLPX;QEY;AVO@gmail.com;2/7/2021
33;XDJP;KSJ;WJM@gmail.com;12/19/2021
34;PISB;RHD;MQY@gmail.com;7/27/2021
35;OSSP;SHY;TKN@gmail.com;6/20/2021
1;IBDY;NFA;EEN@gmail.com;5/9/2021
4;OTBM;KVR;BUO@gmail.com;6/25/2021
5;EIHB;AIP;DAL@gmail.com;10/12/2021
7;FIQG;NTU;OZN@gmail.com;7/30/2021
8;ASPQ;YDR;SWD@gmail.com;2/19/2021
10;JDXL;PSH;RVX@gmail.com;7/11/2021
20;QWJH;DND;WUV@gmail.com;6/27/2021
32;DWDW;PZL;SME@gmail.com;1/19/2021
37;YAGP;SOP;VOM@gmail.com;12/25/2021
38;KRBO;VPY;FRT@gmail.com;5/29/2021
39;GXYD;HNK;FJY@gmail.com;9/8/2021
41;WTYR;AAX;PTJ@gmail.com;12/8/2021
43;HMHY;JVN;LMK@gmail.com;11/13/2021
44;SIER;LWC;GMP@gmail.com;10/11/2021
45;LGAR;TFG;YNY@gmail.com;2/13/2021
46;AZNU;HJH;AUQ@gmail.com;1/20/2021
47;BVWT;ORX;PRH@gmail.com;10/12/2021
48;TXPM;JYT;OQT@gmail.com;4/14/2021
49;WMXR;OXS;JSN@gmail.com;7/26/2021
51;TVRB;ECO;OOD@gmail.com;3/9/2021
3;EXFP;PBC;CHA@gmail.com;10/22/2021
17;PIKT;OTO;UQS@gmail.com;8/1/2021
27;CAND;PNQ;WVE@gmail.com;6/16/2021
36;ZRZU;GBW;WMK@gmail.com;5/4/2021
52;BBUN;UIM;FOJ@gmail.com;11/21/2021
55;MRCQ;XMV;YVE@gmail.com;3/26/2021
57;RUST;YUO;ENR@gmail.com;12/1/2021
59;ROYR;BAC;VVO@gmail.com;6/30/2021
61;QQSU;INL;DSU@gmail.com;5/2/2021
63;DFJG;SWQ;KWM@gmail.com;9/2/2021
64;CFOB;ZCV;IVB@gmail.com;1/3/2021
66;LQXG;QML;RIF@gmail.com;3/13/2021
68;QRWL;ALV;THW@gmail.com;5/23/2021
70;RPUI;YCQ;GTB@gmail.com;6/20/2021
72;XJZO;RBG;SFG@gmail.com;12/5/2021
74;LKGA;KJO;BIY@gmail.com;3/12/2021
76;IJFQ;RKI;SXG@gmail.com;1/5/2021
78;RZKJ;TGA;PAC@gmail.com;9/7/2021
79;JDZG;HUX;RDG@gmail.com;9/27/2021
80;VSHI;LMW;HLR@gmail.com;9/22/2021
12;AZLM;JKL;RLP@gmail.com;12/23/2021
22;JDXX;TLL;RRL@gmail.com;3/3/2021
29;XGDI;OCZ;JET@gmail.com;11/21/2021
30;BMJS;AOV;VLA@gmail.com;8/19/2021
40;ETUD;DBH;UZT@gmail.com;10/12/2021
42;ACIN;BOK;RZZ@gmail.com;9/6/2021
50;RDPA;JHD;IQU@gmail.com;11/13/2021
53;XXDN;HXI;FLC@gmail.com;10/22/2021
54;JVEL;PDR;TTX@gmail.com;1/8/2021
56;BIJK;ATT;LHP@gmail.com;12/19/2021
58;QSQK;AKO;QXB@gmail.com;9/7/2021
60;EFUF;LSM;WLN@gmail.com;6/3/2021
62;GQJA;NEA;JXN@gmail.com;7/15/2021
65;ALVV;HCU;ZBN@gmail.com;6/8/2021
67;NTLR;MBY;TZC@gmail.com;7/26/2021
69;QPBC;DZD;BLV@gmail.com;12/16/2021
71;XTNU;JTK;ULP@gmail.com;11/13/2021
73;JDMG;PVY;DPC@gmail.com;7/9/2021
75;YDEW;BEG;VQS@gmail.com;1/27/2021
77;WTDR;EOS;ZGR@gmail.com;8/3/2021
81;PETH;QIX;PRW@gmail.com;12/27/2021
82;ESGE;VIB;PSW@gmail.com;3/17/2021
83;QYFA;DOJ;BTM@gmail.com;10/17/2021
84;SGUT;ZSJ;OTO@gmail.com;7/13/2021
85;BINR;FLB;VHU@gmail.com;5/5/2021
86;JOAS;RHS;CAN@gmail.com;4/9/2021
87;VXTA;HRN;SKY@gmail.com;12/22/2021
88;JPTB;OCY;UKE@gmail.com;2/12/2021
89;WZMS;THP;NLM@gmail.com;2/6/2021
90;UDKF;JLQ;TGM@gmail.com;3/5/2021
91;HCHS;AGX;PQE@gmail.com;2/23/2021
92;OZWR;ZBD;YAM@gmail.com;6/2/2021
93;PKCJ;VPD;UCZ@gmail.com;8/18/2021
94;QEKU;CVF;KDB@gmail.com;3/3/2021
95;BLZA;LGG;HWO@gmail.com;8/11/2021
96;JXKA;WKW;IKK@gmail.com;12/15/2021
97;FCIF;RCT;MXH@gmail.com;11/9/2021
98;IMKQ;AXY;FWY@gmail.com;6/18/2021
99;HIXL;AMH;NWV@gmail.com;6/28/2021
100;CDRL;QKC;WSW@gmail.com;7/15/2021
101;QXCH;MPB;JHV@gmail.com;1/20/2021
102;MPYL;KRL;JVH@gmail.com;1/18/2021
103;KUNN;SBH;MUR@gmail.com;1/26/2021
104;YMQN;QXK;VKM@gmail.com;1/18/2021
105;MUEB;ULF;UAD@gmail.com;12/10/2021
106;ZDJN;ZVS;UEJ@gmail.com;7/21/2021
107;UALN;DIR;EDJ@gmail.com;12/24/2021
108;KYMP;KGP;XUI@gmail.com;9/11/2021
109;LEVB;LRQ;PRE@gmail.com;9/20/2021
110;YNCH;HTQ;LMI@gmail.com;7/8/2021
111;EUAT;WCA;NHM@gmail.com;2/22/2021
112;JLKO;INJ;RRP@gmail.com;10/7/2021
113;UAAV;SVP;RYM@gmail.com;2/9/2021
114;MDFU;WCX;LEW@gmail.com;6/3/2021
115;FZJW;GRK;YYA@gmail.com;8/18/2021
116;GFRM;WMW;LTJ@gmail.com;10/23/2021
117;DJXU;SRV;KNN@gmail.com;3/23/2021
118;HYJG;PTY;DGC@gmail.com;5/25/2021
119;EQSC;HFK;HAA@gmail.com;10/21/2021
120;LVNK;IJC;ECL@gmail.com;2/8/2021
121;YBWZ;XIJ;RWP@gmail.com;9/10/2021
122;KKOX;JPM;CYX@gmail.com;5/16/2021
123;PEYR;IXR;HNY@gmail.com;6/27/2021
124;LZMI;EZW;FFF@gmail.com;5/18/2021
125;DLNO;MWA;UCL@gmail.com;12/13/2021
126;YOUU;WKO;MBX@gmail.com;7/20/2021
127;ODYZ;FJQ;EJJ@gmail.com;7/8/2021
128;TYTG;EDL;LDZ@gmail.com;10/5/2021
129;GFQB;TIH;DUD@gmail.com;7/27/2021
130;LLNT;VLP;POS@gmail.com;3/14/2021
131;ULWN;QNQ;TTC@gmail.com;5/4/2021
132;JFWU;ZDY;FBH@gmail.com;1/14/2021
133;BGRG;ZSV;OJH@gmail.com;3/30/2021
134;CFPZ;KSF;FKY@gmail.com;11/12/2021
135;TKPI;NHZ;OOW@gmail.com;9/20/2021
136;QYBB;DWP;PPF@gmail.com;4/13/2021
137;HRKT;BNF;ZEE@gmail.com;2/14/2021
138;VAHH;HAD;TCS@gmail.com;11/17/2021
139;YRDO;TYN;YLI@gmail.com;9/7/2021
140;ZOGE;AKW;OPX@gmail.com;6/28/2021
141;FZCF;OAJ;YJF@gmail.com;7/2/2021
142;UFXR;QMR;UBY@gmail.com;6/11/2021
143;FLIG;XSV;UJS@gmail.com;9/19/2021
144;LLDE;KMP;NWX@gmail.com;7/8/2021
145;QIBO;NTI;RMI@gmail.com;8/17/2021
146;RLJT;OKJ;OJM@gmail.com;3/19/2021
147;ZKOR;BIA;SEU@gmail.com;3/29/2021
148;KCJY;LNA;AYU@gmail.com;3/24/2021
149;JSNM;JXW;YLZ@gmail.com;12/10/2021
150;KRNX;WRX;WIX@gmail.com;3/6/2021
151;WLSX;LHE;JOZ@gmail.com;6/6/2021
152;NQRV;OCF;HNY@gmail.com;6/13/2021
153;MRYE;LVM;KRJ@gmail.com;9/4/2021
154;LCCH;EEX;PZO@gmail.com;1/22/2021
155;SUIL;XYF;MSE@gmail.com;5/15/2021
156;AGYB;JIS;LIQ@gmail.com;3/1/2021
157;EHYY;DYW;CMV@gmail.com;7/10/2021
158;ARVG;XBT;SOL@gmail.com;3/13/2021
159;UMAA;PIH;CVF@gmail.com;6/5/2021
160;WTTN;IBH;WVA@gmail.com;9/14/2021
161;SJAP;QMG;ZSE@gmail.com;4/11/2021
162;IRJA;GKF;GNW@gmail.com;4/5/2021
163;COBS;ZBN;BRM@gmail.com;2/2/2021
164;UYHW;XKL;ZJA@gmail.com;7/29/2021
165;CBFF;BGT;YEM@gmail.com;11/24/2021
166;XUNB;XFK;DMR@gmail.com;3/29/2021
167;VXJN;MAU;ALH@gmail.com;3/25/2021
168;KWYF;TGF;DJO@gmail.com;2/15/2021
169;MMZP;PEH;XNP@gmail.com;4/20/2021
170;NVZH;NGL;PQR@gmail.com;1/25/2021
171;VQCB;CAU;RAF@gmail.com;9/25/2021
172;MPZJ;YJH;IIY@gmail.com;10/4/2021
173;YGBH;OBQ;HRV@gmail.com;11/17/2021
174;AYYJ;VDZ;OEE@gmail.com;6/3/2021
175;XXRB;PWE;HLV@gmail.com;11/8/2021
176;QWRP;OHW;HHC@gmail.com;6/30/2021
177;MIKI;FLH;VET@gmail.com;11/30/2021
178;IQDB;KXW;FVS@gmail.com;4/17/2021
179;QSIE;MQV;KFH@gmail.com;5/1/2021
180;ATFK;VGJ;TKN@gmail.com;7/11/2021
181;ALEH;CPI;NFW@gmail.com;9/22/2021
182;OJKI;UPV;UYM@gmail.com;5/13/2021
183;LLUQ;YSK;QWN@gmail.com;8/9/2021
184;ITQM;NKS;SEE@gmail.com;9/2/2021
185;UUPY;AHA;CTO@gmail.com;10/29/2021
186;AGOZ;ZSQ;CDF@gmail.com;3/26/2021
187;RTCU;ACC;FGO@gmail.com;11/16/2021
188;JHZF;HIL;RXF@gmail.com;10/13/2021
189;MCFA;FJH;UNP@gmail.com;9/23/2021
190;ITKX;DEJ;SRJ@gmail.com;11/11/2021
191;TIOP;MWR;QZC@gmail.com;2/22/2021
192;PHDN;HRR;AWF@gmail.com;2/2/2021
193;OSIQ;CHJ;VLG@gmail.com;2/15/2021
194;NRRI;BQW;EIH@gmail.com;1/15/2021
195;CDQA;VXB;TJG@gmail.com;7/3/2021
196;BGHW;WBD;QKX@gmail.com;9/19/2021
197;BWZQ;RVW;NOW@gmail.com;6/2/2021
198;HEEZ;XQW;QYG@gmail.com;5/22/2021
199;VFTT;EAE;MOQ@gmail.com;11/22/2021
200;SUHU;QLC;NJT@gmail.com;5/24/2021
201;BKXO;LWG;KSR@gmail.com;1/10/2021
202;EMCP;EZE;JGG@gmail.com;11/12/2021
203;ZJPZ;LYU;XAQ@gmail.com;10/29/2021
204;QEWA;AIZ;HTA@gmail.com;3/28/2021
205;CNBA;PRR;BYI@gmail.com;12/25/2021
206;NXEO;AWP;GII@gmail.com;1/12/2021
207;CTQE;LRD;TQG@gmail.com;8/29/2021
208;PPPS;UXF;WST@gmail.com;6/20/2021
209;XFYN;JQC;CYO@gmail.com;12/2/2021
210;EAVB;TFB;QMI@gmail.com;3/21/2021
211;TTHO;NVU;CBA@gmail.com;12/15/2021
212;SFOC;AQO;VMH@gmail.com;11/15/2021
213;APSW;NPU;GGB@gmail.com;1/23/2021
214;JLNF;EUX;FID@gmail.com;2/5/2021
215;APMB;APD;VNH@gmail.com;6/15/2021
216;HNPG;DZM;CGU@gmail.com;8/3/2021
217;XORQ;KAK;MYF@gmail.com;11/5/2021
218;ZSIV;MNL;RZS@gmail.com;6/24/2021
219;ZTVA;ZCK;LRU@gmail.com;3/5/2021
220;MDZB;CZI;TTA@gmail.com;5/9/2021
221;BAKU;WNI;NMV@gmail.com;2/18/2021
222;NLQX;LSS;GSC@gmail.com;9/5/2021
223;OUWF;NMC;BWW@gmail.com;12/15/2021
224;RERS;USO;TZN@gmail.com;11/9/2021
225;VRQX;VDM;UIV@gmail.com;3/10/2021
226;NBCQ;MGU;NFD@gmail.com;8/11/2021
227;XDMK;GBI;HRU@gmail.com;3/17/2021
228;WFNT;XYW;MEV@gmail.com;11/5/2021
229;MNXS;HWC;RLV@gmail.com;8/16/2021
230;CDZP;YHH;TPH@gmail.com;12/14/2021
231;JYUQ;WNZ;PHW@gmail.com;3/7/2021
232;LNSU;ZQJ;NPL@gmail.com;2/15/2021
233;LDYQ;LOW;EGP@gmail.com;3/26/2021
234;EWWU;VSH;CJW@gmail.com;5/19/2021
235;QEHA;EMD;AVA@gmail.com;6/6/2021
236;YSIL;CZY;NNB@gmail.com;12/29/2021
237;AOAX;QJU;MWW@gmail.com;6/16/2021
238;GINZ;DCM;NEK@gmail.com;12/5/2021
239;AJKD;ZSF;KPT@gmail.com;4/8/2021
240;RLXB;SLW;JRO@gmail.com;5/9/2021
241;LRJF;KON;RMV@gmail.com;9/9/2021
242;BLTE;EQF;WEJ@gmail.com;12/3/2021
243;FIVK;OMJ;ALK@gmail.com;4/6/2021
244;JVQG;TZJ;JLC@gmail.com;8/13/2021
245;BCST;HRF;TCR@gmail.com;4/28/2021
246;ETAR;YTS;AZD@gmail.com;7/5/2021
247;FKSP;FIM;KVZ@gmail.com;1/29/2021
248;YAYR;FUN;RES@gmail.com;8/4/2021
249;NMAI;EBG;JGH@gmail.com;5/26/2021
250;MLRF;IRJ;DKF@gmail.com;9/24/2021
251;ACKT;ROF;ITQ@gmail.com;8/9/2021
252;CWVV;SZB;RSW@gmail.com;10/15/2021
253;NWFX;LWV;OCZ@gmail.com;7/28/2021
254;FWJE;RCZ;AOP@gmail.com;2/9/2021
255;PQJV;FTN;RVB@gmail.com;12/24/2021
256;UVUH;USY;ZHX@gmail.com;6/1/2021
257;YORS;YNO;BGH@gmail.com;12/23/2021
258;SNLG;GFN;TLX@gmail.com;9/17/2021
259;FIIV;ZZV;NSJ@gmail.com;5/4/2021
260;GUBM;QRR;XEO@gmail.com;2/26/2021
261;QQHF;IKG;TET@gmail.com;8/3/2021
262;OAYZ;LXM;TRD@gmail.com;3/20/2021
263;MCDA;DZQ;RHH@gmail.com;9/21/2021
264;TQPQ;QNH;DNE@gmail.com;5/27/2021
265;XFLN;EKD;OTB@gmail.com;11/30/2021
266;PZCW;GOR;EPT@gmail.com;7/7/2021
267;IZXE;EPP;GFZ@gmail.com;11/5/2021
268;ECEO;UFX;LRW@gmail.com;1/20/2021
269;KGPU;NEI;AQN@gmail.com;9/8/2021
270;NSPR;TKW;GNE@gmail.com;12/21/2021
271;JQYE;IBV;EXV@gmail.com;9/12/2021
272;DYLR;XIX;LVR@gmail.com;1/30/2021
273;SBVL;ZQR;NOT@gmail.com;1/7/2021
274;CLWG;BXV;DTN@gmail.com;8/11/2021
275;QTYW;SAC;TGG@gmail.com;7/6/2021
276;TXHG;TAS;YKH@gmail.com;3/16/2021
277;SHUK;DND;HIK@gmail.com;12/2/2021
278;NKAK;AWI;XFD@gmail.com;10/28/2021
279;CQVU;RGK;QYF@gmail.com;7/17/2021
280;JEZZ;BLQ;XDP@gmail.com;6/2/2021
281;UYFN;DWS;EVX@gmail.com;1/16/2021
282;OFBI;OUL;SVU@gmail.com;11/15/2021
283;FWHM;JDT;AVA@gmail.com;11/18/2021
284;SQEA;QLL;FOG@gmail.com;8/10/2021
285;LPKL;JRC;QEN@gmail.com;6/4/2021
286;NBHY;VYP;ETC@gmail.com;5/9/2021
287;APIM;YKU;QFX@gmail.com;7/17/2021
288;PCOY;LCU;PCU@gmail.com;12/27/2021
289;NIJX;GAD;UDY@gmail.com;1/3/2021
290;PBKB;JYJ;EDC@gmail.com;2/25/2021
291;UIDE;YMG;JUT@gmail.com;11/18/2021
292;RABS;IIN;TLB@gmail.com;6/29/2021
293;OHRJ;ZHN;OSP@gmail.com;8/2/2021
294;XXBA;OUF;GWE@gmail.com;1/12/2021
295;ZJRO;FVG;HQC@gmail.com;12/10/2021
296;ATAK;OIE;EGY@gmail.com;3/20/2021
297;YMFY;HAN;VHE@gmail.com;5/15/2021
298;VXWZ;YHG;TRY@gmail.com;10/26/2021
299;MFUD;FLL;LKB@gmail.com;9/3/2021
300;PLWK;XJG;RZY@gmail.com;6/14/2021
301;RLWH;USS;JGP@gmail.com;10/20/2021
302;AKSR;CWI;NFI@gmail.com;5/3/2021
303;PEXX;UHG;XMR@gmail.com;3/23/2021
304;SVSH;POW;GAK@gmail.com;2/14/2021
305;PMTK;YIH;BTJ@gmail.com;11/9/2021
306;JUXU;KCC;KNI@gmail.com;10/27/2021
307;TUDI;LSM;XQE@gmail.com;11/22/2021
308;QIJQ;JCW;ZMC@gmail.com;3/11/2021
309;AYRT;BIX;TNJ@gmail.com;10/3/2021
310;RJUZ;THI;YXN@gmail.com;4/11/2021
311;EGBJ;WFZ;VCB@gmail.com;7/30/2021
312;DEGD;JDA;RFI@gmail.com;11/8/2021
313;FRRI;QXF;JGK@gmail.com;7/16/2021
314;KSQF;VTB;RNN@gmail.com;5/20/2021
315;ANEB;IUB;LFD@gmail.com;10/22/2021
316;HFTI;SVO;DUX@gmail.com;11/15/2021
317;WMMU;VWL;FPN@gmail.com;9/29/2021
318;IDVJ;RHV;YPV@gmail.com;6/18/2021
319;AONA;SXB;OBX@gmail.com;10/17/2021
320;LWNJ;VET;GLE@gmail.com;1/18/2021
321;WFAI;QLT;MCS@gmail.com;8/16/2021
322;WBWA;HRW;TNV@gmail.com;4/15/2021
323;GFWQ;YIW;FRP@gmail.com;12/12/2021
324;ZYFE;GJX;OLF@gmail.com;1/13/2021
325;JMRZ;HFJ;LXF@gmail.com;10/15/2021
326;RKYH;DUF;ZOZ@gmail.com;5/26/2021
327;HECH;DOH;VRD@gmail.com;7/24/2021
328;HINQ;RSJ;XTP@gmail.com;8/14/2021
329;UWOF;UJA;JGM@gmail.com;12/18/2021
330;RRYD;TTP;OWI@gmail.com;8/24/2021
331;ITQN;YEQ;GWL@gmail.com;1/16/2021
332;PWBO;RQI;EKS@gmail.com;9/4/2021
333;OXJJ;MAN;TUD@gmail.com;4/28/2021
334;GPXV;UUY;JQU@gmail.com;12/3/2021
335;NPXO;ZLN;DSR@gmail.com;9/16/2021
336;ZMUV;XWW;VZH@gmail.com;3/24/2021
337;JZNK;GGD;QZI@gmail.com;3/1/2021
338;EDAD;FJJ;QQY@gmail.com;8/29/2021
339;GYOJ;XSW;HHG@gmail.com;9/28/2021
340;IGOL;RUM;EMO@gmail.com;1/6/2021
341;DFJJ;RVF;OKY@gmail.com;2/15/2021
342;UDYP;ZTO;FUU@gmail.com;12/14/2021
343;PUZE;HWC;LGA@gmail.com;9/2/2021
344;QVSN;HHA;IOV@gmail.com;10/7/2021
345;DPWP;OLX;MRF@gmail.com;11/13/2021
346;JMOW;IHC;RAF@gmail.com;1/10/2021
347;TEKJ;ZRW;DNU@gmail.com;8/26/2021
348;HXCY;PEY;OYQ@gmail.com;6/17/2021
349;NNZG;BHX;DXK@gmail.com;8/4/2021
350;LSZE;RMR;WPU@gmail.com;3/30/2021
351;OSYW;NII;RRN@gmail.com;3/14/2021
352;AEFK;PQC;TPK@gmail.com;10/6/2021
353;VWUT;AOP;SGD@gmail.com;11/5/2021
354;CZXV;GAO;ALY@gmail.com;12/5/2021
355;YWOO;JTP;CDG@gmail.com;5/10/2021
356;OBIA;REJ;LZV@gmail.com;10/6/2021
357;XLTC;ZQH;WPP@gmail.com;12/1/2021
358;WEMZ;RNU;SFR@gmail.com;6/23/2021
359;OUWW;GWQ;VEE@gmail.com;12/8/2021
360;HPNV;YEK;QDB@gmail.com;5/13/2021
361;FPDK;PSZ;AZQ@gmail.com;8/19/2021
362;WSKL;IPI;LOP@gmail.com;5/8/2021
363;LOMD;QTQ;DZE@gmail.com;6/2/2021
364;CGDR;GCN;QCS@gmail.com;3/16/2021
365;PZFM;PMQ;ZUY@gmail.com;7/7/2021
366;VZXG;DEC;XCT@gmail.com;4/15/2021
367;UNAT;VKF;RNB@gmail.com;12/28/2021
368;EOLA;EMP;SCM@gmail.com;2/27/2021
369;BNPU;ELI;UDS@gmail.com;6/27/2021
370;ZVEU;NFS;XIO@gmail.com;12/8/2021
371;OEBD;QLA;XAF@gmail.com;4/17/2021
372;QZLF;XEV;REN@gmail.com;3/16/2021
373;MMEM;XPB;GEG@gmail.com;3/16/2021
374;LGNP;TJY;LLX@gmail.com;1/29/2021
375;SFBC;IZB;IAY@gmail.com;8/23/2021
376;HXXA;CUC;EUR@gmail.com;3/2/2021
377;OODR;HGK;ZJQ@gmail.com;11/22/2021
378;LKQA;CZH;OXU@gmail.com;4/17/2021
379;FPYB;DGB;QZQ@gmail.com;5/13/2021
380;KNZS;ULN;YEM@gmail.com;9/15/2021
381;NRFI;PFN;NYW@gmail.com;10/2/2021
382;HDAR;BQC;FKD@gmail.com;4/23/2021
383;QGOM;LPT;HVN@gmail.com;11/7/2021
384;ORFK;QUZ;VFH@gmail.com;2/4/2021
385;ZJWT;ONZ;VXM@gmail.com;6/14/2021
386;OAHN;WXN;PMG@gmail.com;9/14/2021
387;JEAN;IWL;PVI@gmail.com;6/26/2021
388;PFDT;OND;CLS@gmail.com;8/17/2021
389;BMFX;HNH;ZHE@gmail.com;1/20/2021
390;NKJK;HKN;YDK@gmail.com;12/30/2021
391;QFIK;XBP;ZFE@gmail.com;10/8/2021
392;WLHT;WWW;XRD@gmail.com;6/10/2021
393;XYMU;ILQ;RHK@gmail.com;3/19/2021
394;JFOD;VBY;EGV@gmail.com;6/13/2021
395;XXIB;GSX;XCM@gmail.com;4/8/2021
396;TOMP;ZBK;CVQ@gmail.com;1/27/2021
397;SBYO;GBU;YSS@gmail.com;10/26/2021
398;HJQH;GMO;YAC@gmail.com;4/30/2021
399;HVCO;RWE;KEM@gmail.com;7/9/2021
400;FNGR;SWZ;DBT@gmail.com;6/7/2021
401;VQOJ;BAB;LIZ@gmail.com;5/29/2021
402;UZXI;BUA;FME@gmail.com;4/7/2021
403;DFNC;JGY;PKG@gmail.com;1/9/2021
404;YQUV;GED;XCG@gmail.com;3/29/2021
405;DMRR;LVS;SBB@gmail.com;5/19/2021
406;MWID;MSN;HVS@gmail.com;6/1/2021
407;KPBC;PZM;LKS@gmail.com;4/16/2021
408;KAIT;NMO;IKE@gmail.com;10/4/2021
409;LHJT;KWY;CTF@gmail.com;12/10/2021
410;OPRQ;AEQ;NTG@gmail.com;12/6/2021
411;MUKQ;KDE;ZGH@gmail.com;4/17/2021
412;QEMU;MLT;JIF@gmail.com;3/30/2021
413;ULED;ULC;QQJ@gmail.com;2/5/2021
414;VUYR;OWY;QLB@gmail.com;4/1/2021
415;HZHS;XWI;FJU@gmail.com;4/3/2021
416;QGCZ;FXM;MMI@gmail.com;2/3/2021
417;MFON;SVJ;YRE@gmail.com;12/8/2021
418;MGIH;ACY;BUM@gmail.com;4/9/2021
419;NBRR;HMU;NYK@gmail.com;8/9/2021
420;ZEWE;ASL;YAE@gmail.com;4/26/2021
421;PPHC;USH;INK@gmail.com;10/5/2021
422;UMZI;VGR;FCF@gmail.com;11/2/2021
423;YJSV;RKA;LAU@gmail.com;12/8/2021
424;ODTT;QGA;MVU@gmail.com;10/23/2021
425;RYWI;JEB;LDE@gmail.com;7/16/2021
426;XFXY;UGI;YUG@gmail.com;9/17/2021
427;SSYS;PJR;JMX@gmail.com;5/9/2021
428;KWRM;DHV;RJN@gmail.com;1/30/2021
429;YBDS;USA;ZGB@gmail.com;5/14/2021
430;KWZE;FDQ;DPE@gmail.com;4/12/2021
431;CHAU;VKR;EFB@gmail.com;6/3/2021
432;PDXK;XYY;STO@gmail.com;7/30/2021
433;JSFP;HRW;SGC@gmail.com;6/6/2021
434;NIJI;AQH;OWO@gmail.com;8/29/2021
435;LROB;ITT;PFH@gmail.com;12/23/2021
436;SNAA;JJW;GRU@gmail.com;3/1/2021
437;IMKN;TTS;WRY@gmail.com;3/12/2021
438;THBW;NER;AEV@gmail.com;9/26/2021
439;ZEUS;RYJ;TTR@gmail.com;11/23/2021
440;IYQH;TSL;ZNI@gmail.com;7/13/2021
441;NKCP;SEW;KBL@gmail.com;4/10/2021
442;GEMS;OQY;UIX@gmail.com;10/6/2021
443;SEGM;COE;HEN@gmail.com;8/10/2021
444;JADL;AXT;KPF@gmail.com;5/16/2021
445;QTIL;FWW;ZSS@gmail.com;2/21/2021
446;VSLU;YKD;QDY@gmail.com;3/5/2021
447;CFVZ;UBQ;HLM@gmail.com;9/1/2021
448;SVRS;NSK;XYJ@gmail.com;11/30/2021
449;ELYP;GNV;UHI@gmail.com;12/11/2021
450;QCFW;PZZ;DQI@gmail.com;11/29/2021
451;MGOF;YMV;TTK@gmail.com;3/27/2021
452;VQAD;RDO;WYP@gmail.com;12/20/2021
453;JZDN;DFR;WGJ@gmail.com;12/4/2021
454;CQLK;VLY;VXZ@gmail.com;4/2/2021
455;KLCF;QAJ;OAF@gmail.com;9/7/2021
456;OQUJ;LXO;VBL@gmail.com;4/19/2021
457;WYRO;ERJ;IGR@gmail.com;4/3/2021
458;HWUY;HFS;CCL@gmail.com;5/28/2021
459;FWLB;VZC;ANC@gmail.com;11/21/2021
460;RDRX;HKR;OTM@gmail.com;6/1/2021
461;LOOL;JPS;CHQ@gmail.com;11/7/2021
462;FRTB;FCM;CYE@gmail.com;9/21/2021
463;NOUM;SUE;GHE@gmail.com;8/29/2021
464;WNYP;HFG;NAF@gmail.com;5/1/2021
465;RRJA;MTM;LGV@gmail.com;8/19/2021
466;HMMC;UOS;GZR@gmail.com;11/30/2021
467;NKNQ;QCA;AOB@gmail.com;1/25/2021
468;VTBY;WAC;KFE@gmail.com;2/20/2021
469;YGLS;NWF;FSV@gmail.com;12/29/2021
470;CTUE;WZU;IXQ@gmail.com;6/30/2021
471;GSBB;ZWE;CKY@gmail.com;5/13/2021
472;QCDM;KXK;CQF@gmail.com;1/17/2021
473;JVLV;TYU;BKK@gmail.com;3/6/2021
474;XKXH;KWL;HQU@gmail.com;6/26/2021
475;WOVP;OSR;AJN@gmail.com;7/18/2021
476;BPVA;NVN;DSU@gmail.com;8/19/2021
477;ENBF;EUI;KWD@gmail.com;9/16/2021
478;UDGC;RYC;RIH@gmail.com;4/23/2021
479;QUVE;XSS;HOX@gmail.com;5/15/2021
480;XRFC;HDA;KSK@gmail.com;9/20/2021
481;ANNA;GHE;DVC@gmail.com;3/6/2021
482;RXXA;NEM;AGQ@gmail.com;4/29/2021
483;KVNM;NYL;HGN@gmail.com;1/2/2021
484;JNCD;KHN;ROF@gmail.com;10/18/2021
485;GEKO;XQV;MNV@gmail.com;5/1/2021
486;FZVI;EGA;ZBJ@gmail.com;9/8/2021
487;USAJ;GVE;RFN@gmail.com;3/17/2021
488;CESJ;UGK;ZHA@gmail.com;3/17/2021
489;EKYC;IVB;CZO@gmail.com;12/2/2021
490;OSMR;YYG;XZP@gmail.com;11/14/2021
491;CIRY;VDW;TIS@gmail.com;11/23/2021
492;OROF;UQP;UOG@gmail.com;10/18/2021
493;AKBX;SMK;EPZ@gmail.com;7/8/2021
494;GOQQ;GTU;RUF@gmail.com;8/6/2021
495;VZQY;TKG;SNP@gmail.com;2/3/2021
496;RXDX;FFD;AMX@gmail.com;8/25/2021
497;HSZM;WFU;SYQ@gmail.com;12/11/2021
498;XKAT;YXJ;QIV@gmail.com;10/7/2021
499;JKTY;HEL;YOT@gmail.com;5/12/2021
500;CEWA;DYP;XFF@gmail.com;9/7/2021
501;PDII;CMW;GKV@gmail.com;7/4/2021
502;NXFJ;SJI;FWI@gmail.com;8/14/2021
503;OAKG;CZY;WTA@gmail.com;6/18/2021
504;EBKI;DYD;USV@gmail.com;7/6/2021
505;ZLFM;NOF;VHO@gmail.com;7/12/2021
506;CXTC;XZI;PLE@gmail.com;12/9/2021
507;ZNUR;WBO;SDU@gmail.com;4/11/2021
508;FVGD;WCZ;PVC@gmail.com;10/15/2021
509;PJEW;HYT;IBK@gmail.com;10/10/2021
510;XFEI;ZTD;ERM@gmail.com;7/19/2021
511;AUGG;TJQ;JCH@gmail.com;8/21/2021
512;DZMV;QWZ;MHT@gmail.com;12/17/2021
513;WZJY;DFB;JKG@gmail.com;2/25/2021
514;MGZP;BBA;JVO@gmail.com;6/8/2021
515;IESF;MVL;AKR@gmail.com;1/30/2021
516;CZXA;YMM;PSA@gmail.com;6/25/2021
517;RXDU;ELA;GIU@gmail.com;4/13/2021
518;XVZG;VBX;DGY@gmail.com;12/13/2021
519;OWVR;MOP;IMU@gmail.com;1/23/2021
520;FGGX;KRV;UEF@gmail.com;9/29/2021
521;YVKW;JMF;DXJ@gmail.com;9/11/2021
522;LSRR;OIH;DLC@gmail.com;11/18/2021
523;IUSV;ETH;DCP@gmail.com;8/26/2021
524;SUQC;VQD;HOH@gmail.com;3/7/2021
525;ZZGQ;PLW;NNP@gmail.com;12/5/2021
526;BNSX;PQQ;BWO@gmail.com;2/21/2021
527;ZPAK;SCO;GBZ@gmail.com;10/6/2021
528;UDVZ;GRU;LVU@gmail.com;11/21/2021
529;YFJE;IAZ;FBI@gmail.com;10/15/2021
530;HQCY;NTT;OKS@gmail.com;8/24/2021
531;SDZM;XWW;JPD@gmail.com;11/7/2021
532;TVTH;KVF;SII@gmail.com;5/30/2021
533;UONR;IJU;SUH@gmail.com;5/9/2021
534;FSBL;QBR;GZY@gmail.com;5/6/2021
535;XDQT;XLC;IJP@gmail.com;2/18/2021
536;HWTY;AUL;JEQ@gmail.com;6/24/2021
537;PDTA;CCM;CMJ@gmail.com;11/11/2021
538;KPGC;ZAF;QWC@gmail.com;2/13/2021
539;OMKH;YOX;XSB@gmail.com;12/21/2021
540;MZLL;NKH;MBA@gmail.com;8/3/2021
541;JSSH;EFQ;BKL@gmail.com;4/1/2021
542;BFAU;IAF;KEI@gmail.com;9/26/2021
543;DRMH;AHG;ZPU@gmail.com;4/27/2021
544;YGJB;OIR;QCH@gmail.com;8/21/2021
545;KAPP;AGC;QKP@gmail.com;12/1/2021
546;OFKW;ALB;FBS@gmail.com;4/20/2021
547;NFST;GFD;IUQ@gmail.com;11/25/2021
548;BUKY;EFY;HIK@gmail.com;7/9/2021
549;PWQN;VZV;KNT@gmail.com;2/15/2021
550;RRJN;QQZ;YYX@gmail.com;5/4/2021
551;IFFA;CZL;CDM@gmail.com;11/8/2021
552;TAYC;CGA;SXJ@gmail.com;2/16/2021
553;TEIF;BRP;DSQ@gmail.com;4/6/2021
554;TWKM;VZO;NZD@gmail.com;3/15/2021
555;MXOU;QGD;QLJ@gmail.com;2/11/2021
556;GZYD;PSB;MIE@gmail.com;7/11/2021
557;OBMN;JRH;ZJD@gmail.com;11/3/2021
558;YMPI;GSG;RYT@gmail.com;7/7/2021
559;NVKF;PTA;MAA@gmail.com;6/14/2021
560;MVGZ;POJ;WBD@gmail.com;12/15/2021
561;RGHM;MQX;HJU@gmail.com;1/12/2021
562;NEIL;CNY;BPG@gmail.com;4/7/2021
563;KYMA;RMH;IQA@gmail.com;8/8/2021
564;PCIX;FWQ;FRU@gmail.com;10/21/2021
565;FXCG;BYA;IMT@gmail.com;9/20/2021
566;WRWW;CBU;YQU@gmail.com;9/22/2021
567;SNIQ;MZW;WPG@gmail.com;8/17/2021
568;BUID;DBJ;PND@gmail.com;8/7/2021
569;YWOJ;PMR;EUS@gmail.com;5/22/2021
570;CHQM;ELX;YXO@gmail.com;3/27/2021
571;HGAX;ABG;MSK@gmail.com;12/24/2021
572;AEKJ;JIG;TEH@gmail.com;5/13/2021
573;TVVG;LPT;BTS@gmail.com;2/6/2021
574;UJSK;FHE;SSF@gmail.com;9/27/2021
575;VQTE;IJG;VPX@gmail.com;4/14/2021
576;ZJXK;PPC;ZJY@gmail.com;3/8/2021
577;OCQF;XNB;XLA@gmail.com;6/20/2021
578;NGNA;XLN;CIS@gmail.com;6/26/2021
579;LUQV;MWE;WUP@gmail.com;11/19/2021
580;GWEJ;WGW;ILO@gmail.com;3/13/2021
581;LSAX;QMG;AYN@gmail.com;1/20/2021
582;ZXWU;TDU;VPC@gmail.com;3/22/2021
583;CJXX;VAW;PWW@gmail.com;9/7/2021
584;UUOA;XIK;LZZ@gmail.com;3/17/2021
585;ZRGW;IOW;BHD@gmail.com;12/8/2021
586;TSTQ;VQM;JAG@gmail.com;4/11/2021
587;AEQK;NZH;SDG@gmail.com;1/17/2021
588;OIXK;ILM;NWB@gmail.com;6/5/2021
589;MIZL;NCL;PFI@gmail.com;10/19/2021
590;MSSJ;EHP;FDV@gmail.com;8/3/2021
591;LTQF;VWV;RJF@gmail.com;2/15/2021
592;TUQR;IVG;WFG@gmail.com;4/30/2021
593;LYTB;VGN;ADJ@gmail.com;4/27/2021
594;MVCL;ESR;YSE@gmail.com;9/17/2021
595;TOGK;HND;ZLL@gmail.com;10/20/2021
596;REOE;RTJ;HMP@gmail.com;4/29/2021
597;EQGO;XQX;BVX@gmail.com;6/10/2021
598;DHLS;TUB;XTB@gmail.com;2/4/2021
599;IMGX;OTU;QKQ@gmail.com;8/5/2021
600;VZFW;KGB;DUT@gmail.com;6/18/2020
601;XURV;CKW;KIA@gmail.com;10/18/2021
602;NDJP;WMN;GCH@gmail.com;11/12/2021
603;UVDQ;TJB;AIB@gmail.com;10/19/2021
604;QZIJ;CDI;IYY@gmail.com;3/10/2021
605;TPMP;FHS;TSM@gmail.com;3/3/2021
606;LDOQ;XPD;CJC@gmail.com;8/23/2021
607;KSTQ;BUP;ZQG@gmail.com;1/11/2021
608;BYKK;XHU;GWE@gmail.com;3/23/2021
609;AUAT;WER;UAV@gmail.com;3/16/2021
610;XLXW;OCB;KQC@gmail.com;4/9/2021
611;XNDF;JPM;YQY@gmail.com;8/12/2021
612;NODO;YKS;KCK@gmail.com;12/11/2021
613;VNSS;KFQ;BYQ@gmail.com;11/13/2021
614;TQWK;LCI;UYO@gmail.com;7/25/2021
615;EXCY;AIQ;FHH@gmail.com;3/13/2021
616;HQHX;DAP;XVZ@gmail.com;4/2/2021
617;FNSS;BGV;YVS@gmail.com;12/9/2021
618;LMHB;TKJ;PYY@gmail.com;7/15/2021
619;FGRB;ZCX;YCG@gmail.com;2/18/2021
620;EMUV;HYJ;WBG@gmail.com;12/19/2021
621;JGSW;BBK;GMF@gmail.com;2/7/2021
622;DTLO;EMA;PFW@gmail.com;4/16/2021
623;QFGG;HXG;FZW@gmail.com;12/26/2021
624;NGVU;TQS;MKE@gmail.com;5/5/2021
625;QJVF;VCA;DNR@gmail.com;3/22/2021
626;ZPPB;BGG;BQY@gmail.com;11/27/2021
627;NBBM;XCB;HCB@gmail.com;8/1/2021
628;NIDV;ZEN;CCX@gmail.com;7/10/2021
629;TGMZ;BAU;GTN@gmail.com;5/9/2021
630;RLGO;RMP;TTJ@gmail.com;2/23/2021
631;SVEK;OGL;HTN@gmail.com;8/8/2021
632;WKVZ;EII;HTU@gmail.com;2/23/2021
633;SNSE;HXD;BLV@gmail.com;9/14/2021
634;TMEE;SFS;RHF@gmail.com;2/6/2021
635;WYUK;GAS;TKY@gmail.com;5/12/2021
636;MLHL;LHP;UMG@gmail.com;10/30/2021
637;ZHWD;ISB;GTY@gmail.com;4/16/2021
638;NHHZ;SIC;TDP@gmail.com;6/29/2021
639;UBBV;WOB;VRF@gmail.com;4/3/2021
640;ELEP;UPS;OEY@gmail.com;3/15/2021
641;WBMF;NPI;YZX@gmail.com;5/11/2021
642;BIPG;GCE;ZMT@gmail.com;5/20/2021
643;VXUC;HLH;MON@gmail.com;2/21/2021
644;QCHX;GPQ;CED@gmail.com;1/12/2021
645;DACI;MRO;MDF@gmail.com;8/15/2021
646;RYFC;PFI;YZC@gmail.com;11/18/2021
647;AGOB;LCS;YDO@gmail.com;2/20/2021
648;BDJO;DXP;EUV@gmail.com;9/25/2021
649;RFUP;NXZ;GDO@gmail.com;9/30/2021
650;TKUM;ILH;XMN@gmail.com;12/18/2021
651;XPSL;IRY;NVF@gmail.com;11/7/2021
652;APMO;ELH;MOT@gmail.com;8/21/2021
653;SZGK;PWI;XDN@gmail.com;10/26/2021
654;RNWL;XGP;KSA@gmail.com;12/15/2021
655;PDLG;RYS;AKT@gmail.com;9/4/2021
656;YLAD;OQV;IHE@gmail.com;7/20/2021
657;GXLH;USR;JPF@gmail.com;3/20/2021
658;FYGY;WFD;EDJ@gmail.com;5/8/2021
659;ECBI;UFE;TOS@gmail.com;6/9/2021
660;RUVU;YKR;VOI@gmail.com;4/1/2021
661;JHCQ;MLN;OZT@gmail.com;2/15/2021
662;NIEN;NGK;RBV@gmail.com;12/29/2021
663;FNCM;UPZ;CKV@gmail.com;4/29/2021
664;GCLY;MVF;PYD@gmail.com;12/23/2021
665;BCCF;XSP;DME@gmail.com;6/25/2021
666;ONQY;ASF;SGY@gmail.com;10/17/2021
667;ERES;UPA;CHL@gmail.com;4/10/2021
668;IKED;IQO;KWN@gmail.com;11/2/2021
669;UHKQ;HYL;WBI@gmail.com;8/16/2021
670;XVOG;KRI;PJW@gmail.com;4/13/2021
671;NVOZ;THG;TXQ@gmail.com;9/27/2021
672;HVAX;MZU;KWE@gmail.com;5/20/2021
673;SAUT;FHY;GDT@gmail.com;6/1/2021
674;WYFL;VYS;FTX@gmail.com;10/5/2021
675;EZPK;SPG;DEA@gmail.com;4/27/2021
676;MLGT;LTO;WSZ@gmail.com;7/8/2021
677;NMAE;NEU;RUV@gmail.com;8/8/2021
678;IMPB;NSY;WTF@gmail.com;8/21/2021
679;XYZX;INV;IOD@gmail.com;12/20/2021
680;MBTC;BES;RTP@gmail.com;5/16/2021
681;PQHT;XQW;HKY@gmail.com;3/16/2021
682;SPRB;TUY;XBB@gmail.com;10/18/2021
683;OUHM;ZXK;LWH@gmail.com;2/13/2021
684;PQSP;ZCH;TUC@gmail.com;11/8/2021
685;VGCV;UNZ;UBQ@gmail.com;12/21/2021
686;OTBM;KVR;BUO@gmail.com;6/25/2021
687;ASPQ;YDR;SWD@gmail.com;2/19/2021
688;EXFP;PBC;CHA@gmail.com;10/22/2021
689;HJUT;UON;WHA@gmail.com;10/21/2021
690;XNJM;ERZ;YTD@gmail.com;2/3/2021
691;JDXX;TLL;RRL@gmail.com;3/3/2021
692;NNVF;XWO;QQB@gmail.com;4/14/2021
693;EKJP;ZNN;IUE@gmail.com;9/1/2021
694;DWDW;PZL;SME@gmail.com;1/19/2021
695;ZRZU;GBW;WMK@gmail.com;5/4/2021
696;FIQG;NTU;OZN@gmail.com;7/30/2021
697;ACIN;BOK;RZZ@gmail.com;9/6/2021
698;ACHK;AZH;MLU@gmail.com;10/22/2021
699;QWJH;DND;WUV@gmail.com;6/27/2021
700;BVWT;ORX;PRH@gmail.com;10/12/2021
701;EIHB;AIP;DAL@gmail.com;10/12/2021
702;AKZU;OMR;LQF@gmail.com;10/22/2021
703;BBUN;UIM;FOJ@gmail.com;11/21/2021
704;JTVE;IRE;SJT@gmail.com;2/16/2021
705;BMJS;AOV;VLA@gmail.com;8/19/2021
706;QSQK;AKO;QXB@gmail.com;9/7/2021
707;DPOJ;ZTW;QBO@gmail.com;10/30/2021
708;ALVV;HCU;ZBN@gmail.com;6/8/2021
709;PISB;RHD;MQY@gmail.com;7/27/2021
710;PIKT;OTO;UQS@gmail.com;8/1/2021
711;ETUD;DBH;UZT@gmail.com;10/12/2021
712;QPBC;DZD;BLV@gmail.com;12/16/2021
713;AWXU;QQQ;UQL@gmail.com;8/23/2021
714;HMHY;JVN;LMK@gmail.com;11/13/2021
715;YDEW;BEG;VQS@gmail.com;1/27/2021
716;WMXR;OXS;JSN@gmail.com;7/26/2021
717;WTDR;EOS;ZGR@gmail.com;8/3/2021
718;SNDV;YYL;EZA@gmail.com;9/25/2021
719;XDJP;KSJ;WJM@gmail.com;12/19/2021
720;XXDN;HXI;FLC@gmail.com;10/22/2021
721;SGUT;ZSJ;OTO@gmail.com;7/13/2021
722;JPTB;OCY;UKE@gmail.com;2/12/2021
723;GXYD;HNK;FJY@gmail.com;9/8/2021
724;BIJK;ATT;LHP@gmail.com;12/19/2021
725;LGAR;TFG;YNY@gmail.com;2/13/2021
726;OZWR;ZBD;YAM@gmail.com;6/2/2021
727;QQSU;INL;DSU@gmail.com;5/2/2021
728;RDPA;JHD;IQU@gmail.com;11/13/2021
729;RPUI;YCQ;GTB@gmail.com;6/20/2021
730;HIXL;AMH;NWV@gmail.com;6/28/2021
731;XTNU;JTK;ULP@gmail.com;11/13/2021
732;MRCQ;XMV;YVE@gmail.com;3/26/2021
733;VSHI;LMW;HLR@gmail.com;9/22/2021
734;EFUF;LSM;WLN@gmail.com;6/3/2021
735;ESGE;VIB;PSW@gmail.com;3/17/2021
736;VXTA;HRN;SKY@gmail.com;12/22/2021
737;GQJA;NEA;JXN@gmail.com;7/15/2021
738;PKCJ;VPD;UCZ@gmail.com;8/18/2021
739;QRWL;ALV;THW@gmail.com;5/23/2021
740;IMKQ;AXY;FWY@gmail.com;6/18/2021
741;XJZO;RBG;SFG@gmail.com;12/5/2021
742;RZKJ;TGA;PAC@gmail.com;9/7/2021
743;BINR;FLB;VHU@gmail.com;5/5/2021
744;UDKF;JLQ;TGM@gmail.com;3/5/2021
745;QEKU;CVF;KDB@gmail.com;3/3/2021
746;MUEB;ULF;UAD@gmail.com;12/10/2021
747;FCIF;RCT;MXH@gmail.com;11/9/2021
748;LEVB;LRQ;PRE@gmail.com;9/20/2021
749;JLKO;INJ;RRP@gmail.com;10/7/2021
750;KUNN;SBH;MUR@gmail.com;1/26/2021
751;FZJW;GRK;YYA@gmail.com;8/18/2021
752;KKOX;JPM;CYX@gmail.com;5/16/2021
753;MDFU;WCX;LEW@gmail.com;6/3/2021
754;TYTG;EDL;LDZ@gmail.com;10/5/2021
755;DJXU;SRV;KNN@gmail.com;3/23/2021
756;CFPZ;KSF;FKY@gmail.com;11/12/2021
757;LZMI;EZW;FFF@gmail.com;5/18/2021
758;YRDO;TYN;YLI@gmail.com;9/7/2021
759;YOUU;WKO;MBX@gmail.com;7/20/2021
760;ZOGE;AKW;OPX@gmail.com;6/28/2021
761;RLJT;OKJ;OJM@gmail.com;3/19/2021
762;LLNT;VLP;POS@gmail.com;3/14/2021
763;MRYE;LVM;KRJ@gmail.com;9/4/2021
764;HRKT;BNF;ZEE@gmail.com;2/14/2021
765;LLDE;KMP;NWX@gmail.com;7/8/2021
766;EHYY;DYW;CMV@gmail.com;7/10/2021
767;YMQN;QXK;VKM@gmail.com;1/18/2021
768;SJAP;QMG;ZSE@gmail.com;4/11/2021
769;ZKOR;BIA;SEU@gmail.com;3/29/2021
770;XUNB;XFK;DMR@gmail.com;3/29/2021
771;NQRV;OCF;HNY@gmail.com;6/13/2021
772;UAAV;SVP;RYM@gmail.com;2/9/2021
773;UMAA;PIH;CVF@gmail.com;6/5/2021
774;AYYJ;VDZ;OEE@gmail.com;6/3/2021
775;HYJG;PTY;DGC@gmail.com;5/25/2021
776;COBS;ZBN;BRM@gmail.com;2/2/2021
777;IQDB;KXW;FVS@gmail.com;4/17/2021
778;PEYR;IXR;HNY@gmail.com;6/27/2021
779;ALEH;CPI;NFW@gmail.com;9/22/2021
780;ODYZ;FJQ;EJJ@gmail.com;7/8/2021
781;VXJN;MAU;ALH@gmail.com;3/25/2021
782;JHZF;HIL;RXF@gmail.com;10/13/2021
783;BGRG;ZSV;OJH@gmail.com;3/30/2021
784;MPZJ;YJH;IIY@gmail.com;10/4/2021
785;MIKI;FLH;VET@gmail.com;11/30/2021
786;PHDN;HRR;AWF@gmail.com;2/2/2021
787;VAHH;HAD;TCS@gmail.com;11/17/2021
788;UFXR;QMR;UBY@gmail.com;6/11/2021
789;LLUQ;YSK;QWN@gmail.com;8/9/2021
790;BGHW;WBD;QKX@gmail.com;9/19/2021
791;AGOZ;ZSQ;CDF@gmail.com;3/26/2021
792;JSNM;JXW;YLZ@gmail.com;12/10/2021
793;OSIQ;CHJ;VLG@gmail.com;2/15/2021
794;LCCH;EEX;PZO@gmail.com;1/22/2021
795;BWZQ;RVW;NOW@gmail.com;6/2/2021
796;ARVG;XBT;SOL@gmail.com;3/13/2021
797;IRJA;GKF;GNW@gmail.com;4/5/2021
798;VFTT;EAE;MOQ@gmail.com;11/22/2021
799;KWYF;TGF;DJO@gmail.com;2/15/2021
800;VQCB;CAU;RAF@gmail.com;9/25/2021
801;QWRP;OHW;HHC@gmail.com;6/30/2021
802;ATFK;VGJ;TKN@gmail.com;7/11/2021
803;MCFA;FJH;UNP@gmail.com;9/23/2021
804;TIOP;MWR;QZC@gmail.com;2/22/2021
805;CTQE;LRD;TQG@gmail.com;8/29/2021
806;CDQA;VXB;TJG@gmail.com;7/3/2021
807;EAVB;TFB;QMI@gmail.com;3/21/2021
808;SUHU;QLC;NJT@gmail.com;5/24/2021
809;HNPG;DZM;CGU@gmail.com;8/3/2021
810;BAKU;WNI;NMV@gmail.com;2/18/2021
811;NXEO;AWP;GII@gmail.com;1/12/2021
812;NBCQ;MGU;NFD@gmail.com;8/11/2021
813;LDYQ;LOW;EGP@gmail.com;3/26/2021
814;APSW;NPU;GGB@gmail.com;1/23/2021
815;QEHA;EMD;AVA@gmail.com;6/6/2021
816;JLNF;EUX;FID@gmail.com;2/5/2021
817;RLXB;SLW;JRO@gmail.com;5/9/2021
818;ZTVA;ZCK;LRU@gmail.com;3/5/2021
819;JVQG;TZJ;JLC@gmail.com;8/13/2021
820;XDMK;GBI;HRU@gmail.com;3/17/2021
821;ACKT;ROF;ITQ@gmail.com;8/9/2021
822;JYUQ;WNZ;PHW@gmail.com;3/7/2021
823;PQJV;FTN;RVB@gmail.com;12/24/2021
824;YSIL;CZY;NNB@gmail.com;12/29/2021
825;QQHF;IKG;TET@gmail.com;8/3/2021
826;LRJF;KON;RMV@gmail.com;9/9/2021
827;FKSP;FIM;KVZ@gmail.com;1/29/2021
828;ECEO;UFX;LRW@gmail.com;1/20/2021
829;QEWA;AIZ;HTA@gmail.com;3/28/2021
830;NMAI;EBG;JGH@gmail.com;5/26/2021
831;XFYN;JQC;CYO@gmail.com;12/2/2021
832;KGPU;NEI;AQN@gmail.com;9/8/2021
833;UVUH;USY;ZHX@gmail.com;6/1/2021
834;APMB;APD;VNH@gmail.com;6/15/2021
835;SHUK;DND;HIK@gmail.com;12/2/2021
836;MDZB;CZI;TTA@gmail.com;5/9/2021
837;OFBI;OUL;SVU@gmail.com;11/15/2021
838;OAYZ;LXM;TRD@gmail.com;3/20/2021
839;VRQX;VDM;UIV@gmail.com;3/10/2021
840;NBHY;VYP;ETC@gmail.com;5/9/2021
841;PZCW;GOR;EPT@gmail.com;7/7/2021
842;CDZP;YHH;TPH@gmail.com;12/14/2021
843;RABS;IIN;TLB@gmail.com;6/29/2021
844;JQYE;IBV;EXV@gmail.com;9/12/2021
845;GINZ;DCM;NEK@gmail.com;12/5/2021
846;YMFY;HAN;VHE@gmail.com;5/15/2021
847;NKAK;AWI;XFD@gmail.com;10/28/2021
848;BLTE;EQF;WEJ@gmail.com;12/3/2021
849;MFUD;FLL;LKB@gmail.com;9/3/2021
850;UYFN;DWS;EVX@gmail.com;1/16/2021
851;BCST;HRF;TCR@gmail.com;4/28/2021
852;PCOY;LCU;PCU@gmail.com;12/27/2021
853;NWFX;LWV;OCZ@gmail.com;7/28/2021
854;UIDE;YMG;JUT@gmail.com;11/18/2021
855;SNLG;GFN;TLX@gmail.com;9/17/2021
856;XXBA;OUF;GWE@gmail.com;1/12/2021
857;MCDA;DZQ;RHH@gmail.com;9/21/2021
858;VXWZ;YHG;TRY@gmail.com;10/26/2021
859;IZXE;EPP;GFZ@gmail.com;11/5/2021
860;DYLR;XIX;LVR@gmail.com;1/30/2021
861;TXHG;TAS;YKH@gmail.com;3/16/2021
862;FWHM;JDT;AVA@gmail.com;11/18/2021
863;APIM;YKU;QFX@gmail.com;7/17/2021
864;NIJX;GAD;UDY@gmail.com;1/3/2021
865;ATAK;OIE;EGY@gmail.com;3/20/2021
866;PLWK;XJG;RZY@gmail.com;6/14/2021
867;EGBJ;WFZ;VCB@gmail.com;7/30/2021
868;LWNJ;VET;GLE@gmail.com;1/18/2021
869;UWOF;UJA;JGM@gmail.com;12/18/2021
870;OXJJ;MAN;TUD@gmail.com;4/28/2021
871;QIJQ;JCW;ZMC@gmail.com;3/11/2021
872;NPXO;ZLN;DSR@gmail.com;9/16/2021
873;KSQF;VTB;RNN@gmail.com;5/20/2021
874;DFJJ;RVF;OKY@gmail.com;2/15/2021
875;WMMU;VWL;FPN@gmail.com;9/29/2021
876;DPWP;OLX;MRF@gmail.com;11/13/2021
877;WFAI;QLT;MCS@gmail.com;8/16/2021
878;VWUT;AOP;SGD@gmail.com;11/5/2021
879;HECH;DOH;VRD@gmail.com;7/24/2021
880;WEMZ;RNU;SFR@gmail.com;6/23/2021
881;PWBO;RQI;EKS@gmail.com;9/4/2021
882;CGDR;GCN;QCS@gmail.com;3/16/2021
883;GYOJ;XSW;HHG@gmail.com;9/28/2021
884;UNAT;VKF;RNB@gmail.com;12/28/2021
885;UDYP;ZTO;FUU@gmail.com;12/14/2021
886;JMOW;IHC;RAF@gmail.com;1/10/2021
887;LGNP;TJY;LLX@gmail.com;1/29/2021
888;AEFK;PQC;TPK@gmail.com;10/6/2021
889;TUDI;LSM;XQE@gmail.com;11/22/2021
890;FPYB;DGB;QZQ@gmail.com;5/13/2021
891;YWOO;JTP;CDG@gmail.com;5/10/2021
892;QGOM;LPT;HVN@gmail.com;11/7/2021
893;FRRI;QXF;JGK@gmail.com;7/16/2021
894;WSKL;IPI;LOP@gmail.com;5/8/2021
895;IDVJ;RHV;YPV@gmail.com;6/18/2021
896;PZFM;PMQ;ZUY@gmail.com;7/7/2021
897;ZJWT;ONZ;VXM@gmail.com;6/14/2021
898;MMEM;XPB;GEG@gmail.com;3/16/2021
899;GFWQ;YIW;FRP@gmail.com;12/12/2021
900;WLHT;WWW;XRD@gmail.com;6/10/2021
901;JMRZ;HFJ;LXF@gmail.com;10/15/2021
902;XYMU;ILQ;RHK@gmail.com;3/19/2021
903;OODR;HGK;ZJQ@gmail.com;11/22/2021
904;SBYO;GBU;YSS@gmail.com;10/26/2021
905;ITQN;YEQ;GWL@gmail.com;1/16/2021
906;ORFK;QUZ;VFH@gmail.com;2/4/2021
907;HVCO;RWE;KEM@gmail.com;7/9/2021
908;ZMUV;XWW;VZH@gmail.com;3/24/2021
909;OAHN;WXN;PMG@gmail.com;9/14/2021
910;FNGR;SWZ;DBT@gmail.com;6/7/2021
911;PUZE;HWC;LGA@gmail.com;9/2/2021
912;QFIK;XBP;ZFE@gmail.com;10/8/2021
913;HXCY;PEY;OYQ@gmail.com;6/17/2021
914;XXIB;GSX;XCM@gmail.com;4/8/2021
915;LSZE;RMR;WPU@gmail.com;3/30/2021
916;HJQH;GMO;YAC@gmail.com;4/30/2021
917;XLTC;ZQH;WPP@gmail.com;12/1/2021
918;FPDK;PSZ;AZQ@gmail.com;8/19/2021
919;BNPU;ELI;UDS@gmail.com;6/27/2021
920;ZVEU;NFS;XIO@gmail.com;12/8/2021
921;HXXA;CUC;EUR@gmail.com;3/2/2021
922;HDAR;BQC;FKD@gmail.com;4/23/2021
923;JEAN;IWL;PVI@gmail.com;6/26/2021
924;BMFX;HNH;ZHE@gmail.com;1/20/2021
925;JFOD;VBY;EGV@gmail.com;6/13/2021
926;TOMP;ZBK;CVQ@gmail.com;1/27/2021
927;ZEWE;ASL;YAE@gmail.com;4/26/2021
928;SSYS;PJR;JMX@gmail.com;5/9/2021
929;NIJI;AQH;OWO@gmail.com;8/29/2021
930;QEMU;MLT;JIF@gmail.com;3/30/2021
931;SNAA;JJW;GRU@gmail.com;3/1/2021
932;MFON;SVJ;YRE@gmail.com;12/8/2021
933;NKCP;SEW;KBL@gmail.com;4/10/2021
934;UMZI;VGR;FCF@gmail.com;11/2/2021
935;QTIL;FWW;ZSS@gmail.com;2/21/2021
936;XFXY;UGI;YUG@gmail.com;9/17/2021
937;QCFW;PZZ;DQI@gmail.com;11/29/2021
938;KWZE;FDQ;DPE@gmail.com;4/12/2021
939;OQUJ;LXO;VBL@gmail.com;4/19/2021
940;LROB;ITT;PFH@gmail.com;12/23/2021
941;LOOL;JPS;CHQ@gmail.com;11/7/2021
942;VTBY;WAC;KFE@gmail.com;2/20/2021
943;IYQH;TSL;ZNI@gmail.com;7/13/2021
944;CTUE;WZU;IXQ@gmail.com;6/30/2021
945;CFVZ;UBQ;HLM@gmail.com;9/1/2021
946;KAIT;NMO;IKE@gmail.com;10/4/2021
947;MGOF;YMV;TTK@gmail.com;3/27/2021
948;BPVA;NVN;DSU@gmail.com;8/19/2021
949;KLCF;QAJ;OAF@gmail.com;9/7/2021
950;MUKQ;KDE;ZGH@gmail.com;4/17/2021
951;XRFC;HDA;KSK@gmail.com;9/20/2021
952;VUYR;OWY;QLB@gmail.com;4/1/2021
953;WNYP;HFG;NAF@gmail.com;5/1/2021
954;CESJ;UGK;ZHA@gmail.com;3/17/2021
955;MGIH;ACY;BUM@gmail.com;4/9/2021
956;NKNQ;QCA;AOB@gmail.com;1/25/2021
957;XKXH;KWL;HQU@gmail.com;6/26/2021
958;CIRY;VDW;TIS@gmail.com;11/23/2021
959;YJSV;RKA;LAU@gmail.com;12/8/2021
960;UDGC;RYC;RIH@gmail.com;4/23/2021
961;RYWI;JEB;LDE@gmail.com;7/16/2021
962;ANNA;GHE;DVC@gmail.com;3/6/2021
963;JSFP;HRW;SGC@gmail.com;6/6/2021
964;GOQQ;GTU;RUF@gmail.com;8/6/2021
965;USAJ;GVE;RFN@gmail.com;3/17/2021
966;IMKN;TTS;WRY@gmail.com;3/12/2021
967;RXDX;FFD;AMX@gmail.com;8/25/2021
968;OSMR;YYG;XZP@gmail.com;11/14/2021
969;GEMS;OQY;UIX@gmail.com;10/6/2021
970;HSZM;WFU;SYQ@gmail.com;12/11/2021
971;OROF;UQP;UOG@gmail.com;10/18/2021
972;VSLU;YKD;QDY@gmail.com;3/5/2021
973;JKTY;HEL;YOT@gmail.com;5/12/2021
974;VQAD;RDO;WYP@gmail.com;12/20/2021
975;VZQY;TKG;SNP@gmail.com;2/3/2021
976;CEWA;DYP;XFF@gmail.com;9/7/2021
977;XKAT;YXJ;QIV@gmail.com;10/7/2021
978;HWUY;HFS;CCL@gmail.com;5/28/2021
979;NOUM;SUE;GHE@gmail.com;8/29/2021
980;HMMC;UOS;GZR@gmail.com;11/30/2021
981;GSBB;ZWE;CKY@gmail.com;5/13/2021
982;WOVP;OSR;AJN@gmail.com;7/18/2021
983;RXXA;NEM;AGQ@gmail.com;4/29/2021
984;GEKO;XQV;MNV@gmail.com;5/1/2021
985;EKYC;IVB;CZO@gmail.com;12/2/2021
986;AKBX;SMK;EPZ@gmail.com;7/8/2021
987;PJEW;HYT;IBK@gmail.com;10/10/2021
988;XVZG;VBX;DGY@gmail.com;12/13/2021
989;IESF;MVL;AKR@gmail.com;1/30/2021
990;LSRR;OIH;DLC@gmail.com;11/18/2021
991;IUSV;ETH;DCP@gmail.com;8/26/2021
992;ZPAK;SCO;GBZ@gmail.com;10/6/2021
993;UDVZ;GRU;LVU@gmail.com;11/21/2021
994;SDZM;XWW;JPD@gmail.com;11/7/2021
995;UONR;IJU;SUH@gmail.com;5/9/2021
996;CXTC;XZI;PLE@gmail.com;12/9/2021
997;MZLL;NKH;MBA@gmail.com;8/3/2021
998;FSBL;QBR;GZY@gmail.com;5/6/2021
999;JSSH;EFQ;BKL@gmail.com;4/1/2021
1000;KAPP;AGC;QKP@gmail.com;12/1/2021
1001;XFEI;ZTD;ERM@gmail.com;7/19/2021
1002;BUKY;EFY;HIK@gmail.com;7/9/2021
1003;PWQN;VZV;KNT@gmail.com;2/15/2021
1004;RXDU;ELA;GIU@gmail.com;4/13/2021
1005;TEIF;BRP;DSQ@gmail.com;4/6/2021
1006;MXOU;QGD;QLJ@gmail.com;2/11/2021
1007;OWVR;MOP;IMU@gmail.com;1/23/2021
1008;OBMN;JRH;ZJD@gmail.com;11/3/2021
1009;RGHM;MQX;HJU@gmail.com;1/12/2021
1010;BNSX;PQQ;BWO@gmail.com;2/21/2021
1011;KYMA;RMH;IQA@gmail.com;8/8/2021
1012;FXCG;BYA;IMT@gmail.com;9/20/2021
1013;TVTH;KVF;SII@gmail.com;5/30/2021
1014;BUID;DBJ;PND@gmail.com;8/7/2021
1015;AEKJ;JIG;TEH@gmail.com;5/13/2021
1016;TVVG;LPT;BTS@gmail.com;2/6/2021
1017;PDTA;CCM;CMJ@gmail.com;11/11/2021
1018;OCQF;XNB;XLA@gmail.com;6/20/2021
1019;BFAU;IAF;KEI@gmail.com;9/26/2021
1020;NGNA;XLN;CIS@gmail.com;6/26/2021
1021;NFST;GFD;IUQ@gmail.com;11/25/2021
1022;LSAX;QMG;AYN@gmail.com;1/20/2021
1023;ZXWU;TDU;VPC@gmail.com;3/22/2021
1024;TSTQ;VQM;JAG@gmail.com;4/11/2021
1025;TAYC;CGA;SXJ@gmail.com;2/16/2021
1026;UUOA;XIK;LZZ@gmail.com;3/17/2021
1027;LTQF;VWV;RJF@gmail.com;2/15/2021
1028;YMPI;GSG;RYT@gmail.com;7/7/2021
1029;OIXK;ILM;NWB@gmail.com;6/5/2021
1030;TOGK;HND;ZLL@gmail.com;10/20/2021
1031;NEIL;CNY;BPG@gmail.com;4/7/2021
1032;MSSJ;EHP;FDV@gmail.com;8/3/2021
1033;WRWW;CBU;YQU@gmail.com;9/22/2021
1034;EQGO;XQX;BVX@gmail.com;6/10/2021
1035;LYTB;VGN;ADJ@gmail.com;4/27/2021
1036;DHLS;TUB;XTB@gmail.com;2/4/2021
1037;YWOJ;PMR;EUS@gmail.com;5/22/2021
1038;REOE;RTJ;HMP@gmail.com;4/29/2021
1039;IMGX;OTU;QKQ@gmail.com;8/5/2021
1040;VQTE;IJG;VPX@gmail.com;4/14/2021
1041;VZFW;KGB;DUT@gmail.com;6/18/2020
1042;GWEJ;WGW;ILO@gmail.com;3/13/2021
1043;ZRGW;IOW;BHD@gmail.com;12/8/2021
1044;MIZL;NCL;PFI@gmail.com;10/19/2021
1045;TUQR;IVG;WFG@gmail.com;4/30/2021
1046;MVCL;ESR;YSE@gmail.com;9/17/2021
1047;AUAT;WER;UAV@gmail.com;3/16/2021
1048;NODO;YKS;KCK@gmail.com;12/11/2021
1049;NGVU;TQS;MKE@gmail.com;5/5/2021
1050;FGRB;ZCX;YCG@gmail.com;2/18/2021
1051;SVEK;OGL;HTN@gmail.com;8/8/2021
1052;QFGG;HXG;FZW@gmail.com;12/26/2021
1053;TMEE;SFS;RHF@gmail.com;2/6/2021
1054;NBBM;XCB;HCB@gmail.com;8/1/2021
1055;UBBV;WOB;VRF@gmail.com;4/3/2021
1056;BIPG;GCE;ZMT@gmail.com;5/20/2021
1057;BYKK;XHU;GWE@gmail.com;3/23/2021
1058;RYFC;PFI;YZC@gmail.com;11/18/2021
1059;EXCY;AIQ;FHH@gmail.com;3/13/2021
1060;RFUP;NXZ;GDO@gmail.com;9/30/2021
1061;FNSS;BGV;YVS@gmail.com;12/9/2021
1062;SZGK;PWI;XDN@gmail.com;10/26/2021
1063;ECBI;UFE;TOS@gmail.com;6/9/2021
1064;DTLO;EMA;PFW@gmail.com;4/16/2021
1065;FNCM;UPZ;CKV@gmail.com;4/29/2021
1066;ZPPB;BGG;BQY@gmail.com;11/27/2021
1067;WKVZ;EII;HTU@gmail.com;2/23/2021
1068;ERES;UPA;CHL@gmail.com;4/10/2021
1069;MLHL;LHP;UMG@gmail.com;10/30/2021
1070;ELEP;UPS;OEY@gmail.com;3/15/2021
1071;XVOG;KRI;PJW@gmail.com;4/13/2021
1072;QCHX;GPQ;CED@gmail.com;1/12/2021
1073;NVOZ;THG;TXQ@gmail.com;9/27/2021
1074;AGOB;LCS;YDO@gmail.com;2/20/2021
1075;EZPK;SPG;DEA@gmail.com;4/27/2021
1076;APMO;ELH;MOT@gmail.com;8/21/2021
1077;XYZX;INV;IOD@gmail.com;12/20/2021
1078;YLAD;OQV;IHE@gmail.com;7/20/2021
1079;MBTC;BES;RTP@gmail.com;5/16/2021
1080;GXLH;USR;JPF@gmail.com;3/20/2021
1081;SPRB;TUY;XBB@gmail.com;10/18/2021
1082;JHCQ;MLN;OZT@gmail.com;2/15/2021
1083;OUHM;ZXK;LWH@gmail.com;2/13/2021
1084;GCLY;MVF;PYD@gmail.com;12/23/2021
1085;PQSP;ZCH;TUC@gmail.com;11/8/2021
1086;IKED;IQO;KWN@gmail.com;11/2/2021
1087;VGCV;UNZ;UBQ@gmail.com;12/21/2021
1088;SAUT;FHY;GDT@gmail.com;6/1/2021
1089;MLGT;LTO;WSZ@gmail.com;7/8/2021
1090;IMPB;NSY;WTF@gmail.com;8/21/2021
1091;PQHT;XQW;HKY@gmail.com;3/16/2021
1092;EIHB;AIP;DAL@gmail.com;10/12/2021
1093;EKJP;ZNN;IUE@gmail.com;9/1/2021
1094;FIQG;NTU;OZN@gmail.com;7/30/2021
1095;ACHK;AZH;MLU@gmail.com;10/22/2021
1096;QWJH;DND;WUV@gmail.com;6/27/2021
1097;AKZU;OMR;LQF@gmail.com;10/22/2021
1098;BMJS;AOV;VLA@gmail.com;8/19/2021
1099;PISB;RHD;MQY@gmail.com;7/27/2021
1100;ETUD;DBH;UZT@gmail.com;10/12/2021
1101;HMHY;JVN;LMK@gmail.com;11/13/2021
1102;WMXR;OXS;JSN@gmail.com;7/26/2021
1103;XXDN;HXI;FLC@gmail.com;10/22/2021
1104;BIJK;ATT;LHP@gmail.com;12/19/2021
1105;QQSU;INL;DSU@gmail.com;5/2/2021
1106;RPUI;YCQ;GTB@gmail.com;6/20/2021
1107;XTNU;JTK;ULP@gmail.com;11/13/2021
1108;VSHI;LMW;HLR@gmail.com;9/22/2021
1109;ESGE;VIB;PSW@gmail.com;3/17/2021
1110;VXTA;HRN;SKY@gmail.com;12/22/2021
1111;PKCJ;VPD;UCZ@gmail.com;8/18/2021
1112;IMKQ;AXY;FWY@gmail.com;6/18/2021
1113;KUNN;SBH;MUR@gmail.com;1/26/2021
1114;MDFU;WCX;LEW@gmail.com;6/3/2021
1115;DJXU;SRV;KNN@gmail.com;3/23/2021
1116;LZMI;EZW;FFF@gmail.com;5/18/2021
1117;YOUU;WKO;MBX@gmail.com;7/20/2021
1118;LLNT;VLP;POS@gmail.com;3/14/2021
1119;HRKT;BNF;ZEE@gmail.com;2/14/2021
1120;LLDE;KMP;NWX@gmail.com;7/8/2021
1121;ZKOR;BIA;SEU@gmail.com;3/29/2021
1122;NQRV;OCF;HNY@gmail.com;6/13/2021
1123;UMAA;PIH;CVF@gmail.com;6/5/2021
1124;COBS;ZBN;BRM@gmail.com;2/2/2021
1125;VXJN;MAU;ALH@gmail.com;3/25/2021
1126;MPZJ;YJH;IIY@gmail.com;10/4/2021
1127;MIKI;FLH;VET@gmail.com;11/30/2021
1128;LLUQ;YSK;QWN@gmail.com;8/9/2021
1129;AGOZ;ZSQ;CDF@gmail.com;3/26/2021
1130;OSIQ;CHJ;VLG@gmail.com;2/15/2021
1131;BWZQ;RVW;NOW@gmail.com;6/2/2021
1132;VFTT;EAE;MOQ@gmail.com;11/22/2021
1133;NXEO;AWP;GII@gmail.com;1/12/2021
1134;APSW;NPU;GGB@gmail.com;1/23/2021
1135;JLNF;EUX;FID@gmail.com;2/5/2021
1136;ZTVA;ZCK;LRU@gmail.com;3/5/2021
1137;XDMK;GBI;HRU@gmail.com;3/17/2021
1138;JYUQ;WNZ;PHW@gmail.com;3/7/2021
1139;YSIL;CZY;NNB@gmail.com;12/29/2021
1140;LRJF;KON;RMV@gmail.com;9/9/2021
1141;FKSP;FIM;KVZ@gmail.com;1/29/2021
1142;NMAI;EBG;JGH@gmail.com;5/26/2021
1143;UVUH;USY;ZHX@gmail.com;6/1/2021
1144;OAYZ;LXM;TRD@gmail.com;3/20/2021
1145;PZCW;GOR;EPT@gmail.com;7/7/2021
1146;JQYE;IBV;EXV@gmail.com;9/12/2021
1147;NKAK;AWI;XFD@gmail.com;10/28/2021
1148;UYFN;DWS;EVX@gmail.com;1/16/2021
1149;PCOY;LCU;PCU@gmail.com;12/27/2021
1150;UIDE;YMG;JUT@gmail.com;11/18/2021
1151;XXBA;OUF;GWE@gmail.com;1/12/2021
1152;VXWZ;YHG;TRY@gmail.com;10/26/2021
1153;QIJQ;JCW;ZMC@gmail.com;3/11/2021
1154;KSQF;VTB;RNN@gmail.com;5/20/2021
1155;WMMU;VWL;FPN@gmail.com;9/29/2021
1156;WFAI;QLT;MCS@gmail.com;8/16/2021
1157;HECH;DOH;VRD@gmail.com;7/24/2021
1158;PWBO;RQI;EKS@gmail.com;9/4/2021
1159;GYOJ;XSW;HHG@gmail.com;9/28/2021
1160;UDYP;ZTO;FUU@gmail.com;12/14/2021
1161;JMOW;IHC;RAF@gmail.com;1/10/2021
1162;AEFK;PQC;TPK@gmail.com;10/6/2021
1163;YWOO;JTP;CDG@gmail.com;5/10/2021
1164;WSKL;IPI;LOP@gmail.com;5/8/2021
1165;PZFM;PMQ;ZUY@gmail.com;7/7/2021
1166;MMEM;XPB;GEG@gmail.com;3/16/2021
1167;OODR;HGK;ZJQ@gmail.com;11/22/2021
1168;ORFK;QUZ;VFH@gmail.com;2/4/2021
1169;OAHN;WXN;PMG@gmail.com;9/14/2021
1170;QFIK;XBP;ZFE@gmail.com;10/8/2021
1171;XXIB;GSX;XCM@gmail.com;4/8/2021
1172;HJQH;GMO;YAC@gmail.com;4/30/2021
1173;QEMU;MLT;JIF@gmail.com;3/30/2021
1174;MFON;SVJ;YRE@gmail.com;12/8/2021
1175;UMZI;VGR;FCF@gmail.com;11/2/2021
1176;XFXY;UGI;YUG@gmail.com;9/17/2021
1177;KWZE;FDQ;DPE@gmail.com;4/12/2021
1178;LROB;ITT;PFH@gmail.com;12/23/2021
1179;IYQH;TSL;ZNI@gmail.com;7/13/2021
1180;CFVZ;UBQ;HLM@gmail.com;9/1/2021
1181;MGOF;YMV;TTK@gmail.com;3/27/2021
1182;KLCF;QAJ;OAF@gmail.com;9/7/2021
1183;WNYP;HFG;NAF@gmail.com;5/1/2021
1184;NKNQ;QCA;AOB@gmail.com;1/25/2021
1185;XKXH;KWL;HQU@gmail.com;6/26/2021
1186;UDGC;RYC;RIH@gmail.com;4/23/2021
1187;ANNA;GHE;DVC@gmail.com;3/6/2021
1188;USAJ;GVE;RFN@gmail.com;3/17/2021
1189;OSMR;YYG;XZP@gmail.com;11/14/2021
1190;OROF;UQP;UOG@gmail.com;10/18/2021
1191;VZQY;TKG;SNP@gmail.com;2/3/2021
1192;XKAT;YXJ;QIV@gmail.com;10/7/2021
1193;PJEW;HYT;IBK@gmail.com;10/10/2021
1194;IESF;MVL;AKR@gmail.com;1/30/2021
1195;LSRR;OIH;DLC@gmail.com;11/18/2021
1196;ZPAK;SCO;GBZ@gmail.com;10/6/2021
1197;SDZM;XWW;JPD@gmail.com;11/7/2021
1198;FSBL;QBR;GZY@gmail.com;5/6/2021
1199;JSSH;EFQ;BKL@gmail.com;4/1/2021
1200;BUKY;EFY;HIK@gmail.com;7/9/2021
1201;TEIF;BRP;DSQ@gmail.com;4/6/2021
1202;OBMN;JRH;ZJD@gmail.com;11/3/2021
1203;KYMA;RMH;IQA@gmail.com;8/8/2021
1204;BUID;DBJ;PND@gmail.com;8/7/2021
1205;AEKJ;JIG;TEH@gmail.com;5/13/2021
1206;OCQF;XNB;XLA@gmail.com;6/20/2021
1207;LSAX;QMG;AYN@gmail.com;1/20/2021
1208;UUOA;XIK;LZZ@gmail.com;3/17/2021
1209;OIXK;ILM;NWB@gmail.com;6/5/2021
1210;MSSJ;EHP;FDV@gmail.com;8/3/2021
1211;LYTB;VGN;ADJ@gmail.com;4/27/2021
1212;REOE;RTJ;HMP@gmail.com;4/29/2021
1213;AUAT;WER;UAV@gmail.com;3/16/2021
1214;NODO;YKS;KCK@gmail.com;12/11/2021
1215;FGRB;ZCX;YCG@gmail.com;2/18/2021
1216;QFGG;HXG;FZW@gmail.com;12/26/2021
1217;NBBM;XCB;HCB@gmail.com;8/1/2021
