LOPC,TSV,JPU@gmail.com,3/20/202100
TNHB,JLY,ZVG@gmail.com,12/5/2021
IBDY,NFA,EEN@gmail.com,5/9/2021
MQBQ,ZNB,YBG@gmail.com,4/4/2021000
UTQS,PZN,FWS@gmail.com,6/22/2021
QQHK,JSV,YIR@gmail.com,2/4/2021
YZIZ,XAE,PSC@gmail.com,2/19/2021
XGDI,OCZ,JET@gmail.com,11/21/2021
OSSP,SHY,TKN@gmail.com,6/20/2021
YAGP,SOP,VOM@gmail.com,12/25/2021
WTYR,AAX,PTJ@gmail.com,12/8/2021
TXPM,JYT,OQT@gmail.com,4/14/2021
TVRB,ECO,OOD@gmail.com,3/9/2021
RUST,YUO,ENR@gmail.com,12/1/2021
CFOB,ZCV,IVB@gmail.com,1/3/2021
NTLR,MBY,TZC@gmail.com,7/26/2021
JDMG,PVY,DPC@gmail.com,7/9/2021
IJFQ,RKI,SXG@gmail.com,1/5/2021
QYFA,DOJ,BTM@gmail.com,10/17/2021
WZMS,THP,NLM@gmail.com,2/6/2021
BLZA,LGG,HWO@gmail.com,8/11/2021
JXKA,WKW,IKK@gmail.com,12/15/2021
MPYL,KRL,JVH@gmail.com,1/18/2021
UALN,DIR,EDJ@gmail.com,12/24/2021
YNCH,HTQ,LMI@gmail.com,7/8/2021
GFRM,WMW,LTJ@gmail.com,10/23/2021
LVNK,IJC,ECL@gmail.com,2/8/2021
DLNO,MWA,UCL@gmail.com,12/13/2021
JFWU,ZDY,FBH@gmail.com,1/14/2021
QYBB,DWP,PPF@gmail.com,4/13/2021
FZCF,OAJ,YJF@gmail.com,7/2/2021
KCJY,LNA,AYU@gmail.com,3/24/2021
KRNX,WRX,WIX@gmail.com,3/6/2021
SUIL,XYF,MSE@gmail.com,5/15/2021
WTTN,IBH,WVA@gmail.com,9/14/2021
CBFF,BGT,YEM@gmail.com,11/24/2021
NVZH,NGL,PQR@gmail.com,1/25/2021
QSIE,MQV,KFH@gmail.com,5/1/2021
OJKI,UPV,UYM@gmail.com,5/13/2021
RTCU,ACC,FGO@gmail.com,11/16/2021
NRRI,BQW,EIH@gmail.com,1/15/2021
HEEZ,XQW,QYG@gmail.com,5/22/2021
ZJPZ,LYU,XAQ@gmail.com,10/29/2021
PPPS,UXF,WST@gmail.com,6/20/2021
SFOC,AQO,VMH@gmail.com,11/15/2021
XORQ,KAK,MYF@gmail.com,11/5/2021
OUWF,NMC,BWW@gmail.com,12/15/2021
WFNT,XYW,MEV@gmail.com,11/5/2021
LNSU,ZQJ,NPL@gmail.com,2/15/2021
AOAX,QJU,MWW@gmail.com,6/16/2021
FIVK,OMJ,ALK@gmail.com,4/6/2021
YAYR,FUN,RES@gmail.com,8/4/2021
CWVV,SZB,RSW@gmail.com,10/15/2021
YORS,YNO,BGH@gmail.com,12/23/2021
FIIV,ZZV,NSJ@gmail.com,5/4/2021
XFLN,EKD,OTB@gmail.com,11/30/2021
SBVL,ZQR,NOT@gmail.com,1/7/2021
CLWG,BXV,DTN@gmail.com,8/11/2021
JEZZ,BLQ,XDP@gmail.com,6/2/2021
SQEA,QLL,FOG@gmail.com,8/10/2021
OHRJ,ZHN,OSP@gmail.com,8/2/2021
ZJRO,FVG,HQC@gmail.com,12/10/2021
PEXX,UHG,XMR@gmail.com,3/23/2021
JUXU,KCC,KNI@gmail.com,10/27/2021
RJUZ,THI,YXN@gmail.com,4/11/2021
ANEB,IUB,LFD@gmail.com,10/22/2021
HFTI,SVO,DUX@gmail.com,11/15/2021
WBWA,HRW,TNV@gmail.com,4/15/2021
HINQ,RSJ,XTP@gmail.com,8/14/2021
RRYD,TTP,OWI@gmail.com,8/24/2021
JZNK,GGD,QZI@gmail.com,3/1/2021
IGOL,RUM,EMO@gmail.com,1/6/2021
TEKJ,ZRW,DNU@gmail.com,8/26/2021
OSYW,NII,RRN@gmail.com,3/14/2021
OBIA,REJ,LZV@gmail.com,10/6/2021
LOMD,QTQ,DZE@gmail.com,6/2/2021
EOLA,EMP,SCM@gmail.com,2/27/2021
QZLF,XEV,REN@gmail.com,3/16/2021
LKQA,CZH,OXU@gmail.com,4/17/2021
NRFI,PFN,NYW@gmail.com,10/2/2021
PFDT,OND,CLS@gmail.com,8/17/2021
NKJK,HKN,YDK@gmail.com,12/30/2021
DFNC,JGY,PKG@gmail.com,1/9/2021
DMRR,LVS,SBB@gmail.com,5/19/2021
KPBC,PZM,LKS@gmail.com,4/16/2021
OPRQ,AEQ,NTG@gmail.com,12/6/2021
HZHS,XWI,FJU@gmail.com,4/3/2021
NBRR,HMU,NYK@gmail.com,8/9/2021
ODTT,QGA,MVU@gmail.com,10/23/2021
KWRM,DHV,RJN@gmail.com,1/30/2021
PDXK,XYY,STO@gmail.com,7/30/2021
ZEUS,RYJ,TTR@gmail.com,11/23/2021
JADL,AXT,KPF@gmail.com,5/16/2021
ELYP,GNV,UHI@gmail.com,12/11/2021
JZDN,DFR,WGJ@gmail.com,12/4/2021
WYRO,ERJ,IGR@gmail.com,4/3/2021
FRTB,FCM,CYE@gmail.com,9/21/2021
YGLS,NWF,FSV@gmail.com,12/29/2021
QCDM,KXK,CQF@gmail.com,1/17/2021
ENBF,EUI,KWD@gmail.com,9/16/2021
KVNM,NYL,HGN@gmail.com,1/2/2021
FZVI,EGA,ZBJ@gmail.com,9/8/2021
OAKG,CZY,WTA@gmail.com,6/18/2021
ZLFM,NOF,VHO@gmail.com,7/12/2021
FVGD,WCZ,PVC@gmail.com,10/15/2021
DZMV,QWZ,MHT@gmail.com,12/17/2021
MGZP,BBA,JVO@gmail.com,6/8/2021
YVKW,JMF,DXJ@gmail.com,9/11/2021
SUQC,VQD,HOH@gmail.com,3/7/2021
HQCY,NTT,OKS@gmail.com,8/24/2021
XDQT,XLC,IJP@gmail.com,2/18/2021
DRMH,AHG,ZPU@gmail.com,4/27/2021
YGJB,OIR,QCH@gmail.com,8/21/2021
RRJN,QQZ,YYX@gmail.com,5/4/2021
TWKM,VZO,NZD@gmail.com,3/15/2021
MVGZ,POJ,WBD@gmail.com,12/15/2021
PCIX,FWQ,FRU@gmail.com,10/21/2021
HGAX,ABG,MSK@gmail.com,12/24/2021
UJSK,FHE,SSF@gmail.com,9/27/2021
LUQV,MWE,WUP@gmail.com,11/19/2021
CJXX,VAW,PWW@gmail.com,9/7/2021
AEQK,NZH,SDG@gmail.com,1/17/2021
TPMP,FHS,TSM@gmail.com,3/3/2021
KSTQ,BUP,ZQG@gmail.com,1/11/2021
XLXW,OCB,KQC@gmail.com,4/9/2021
VNSS,KFQ,BYQ@gmail.com,11/13/2021
HQHX,DAP,XVZ@gmail.com,4/2/2021
EMUV,HYJ,WBG@gmail.com,12/19/2021
NIDV,ZEN,CCX@gmail.com,7/10/2021
RLGO,RMP,TTJ@gmail.com,2/23/2021
SNSE,HXD,BLV@gmail.com,9/14/2021
ZHWD,ISB,GTY@gmail.com,4/16/2021
VXUC,HLH,MON@gmail.com,2/21/2021
BDJO,DXP,EUV@gmail.com,9/25/2021
TKUM,ILH,XMN@gmail.com,12/18/2021
RNWL,XGP,KSA@gmail.com,12/15/2021
RUVU,YKR,VOI@gmail.com,4/1/2021
BCCF,XSP,DME@gmail.com,6/25/2021
UHKQ,HYL,WBI@gmail.com,8/16/2021
HVAX,MZU,KWE@gmail.com,5/20/2021
WYFL,VYS,FTX@gmail.com,10/5/2021
NMAE,NEU,RUV@gmail.com,8/8/2021
EXFP,PBC,CHA@gmail.com,10/22/2021
JDXL,PSH,RVX@gmail.com,7/11/2021
AZLM,JKL,RLP@gmail.com,12/23/2021
FVPD,ENV,DHQ@gmail.com,6/21/2021
MDSK,HVS,YNW@gmail.com,9/21/2021
CAND,PNQ,WVE@gmail.com,6/16/2021
RLPX,QEY,AVO@gmail.com,2/7/2021
KRBO,VPY,FRT@gmail.com,5/29/2021
SIER,LWC,GMP@gmail.com,10/11/2021
AZNU,HJH,AUQ@gmail.com,1/20/2021
JVEL,PDR,TTX@gmail.com,1/8/2021
ROYR,BAC,VVO@gmail.com,6/30/2021
DFJG,SWQ,KWM@gmail.com,9/2/2021
LQXG,QML,RIF@gmail.com,3/13/2021
LKGA,KJO,BIY@gmail.com,3/12/2021
JDZG,HUX,RDG@gmail.com,9/27/2021
PETH,QIX,PRW@gmail.com,12/27/2021
JOAS,RHS,CAN@gmail.com,4/9/2021
HCHS,AGX,PQE@gmail.com,2/23/2021
CDRL,QKC,WSW@gmail.com,7/15/2021
QXCH,MPB,JHV@gmail.com,1/20/2021
ZDJN,ZVS,UEJ@gmail.com,7/21/2021
KYMP,KGP,XUI@gmail.com,9/11/2021
EUAT,WCA,NHM@gmail.com,2/22/2021
EQSC,HFK,HAA@gmail.com,10/21/2021
YBWZ,XIJ,RWP@gmail.com,9/10/2021
GFQB,TIH,DUD@gmail.com,7/27/2021
ULWN,QNQ,TTC@gmail.com,5/4/2021
TKPI,NHZ,OOW@gmail.com,9/20/2021
FLIG,XSV,UJS@gmail.com,9/19/2021
QIBO,NTI,RMI@gmail.com,8/17/2021
WLSX,LHE,JOZ@gmail.com,6/6/2021
AGYB,JIS,LIQ@gmail.com,3/1/2021
UYHW,XKL,ZJA@gmail.com,7/29/2021
MMZP,PEH,XNP@gmail.com,4/20/2021
YGBH,OBQ,HRV@gmail.com,11/17/2021
XXRB,PWE,HLV@gmail.com,11/8/2021
ITQM,NKS,SEE@gmail.com,9/2/2021
UUPY,AHA,CTO@gmail.com,10/29/2021
ITKX,DEJ,SRJ@gmail.com,11/11/2021
BKXO,LWG,KSR@gmail.com,1/10/2021
EMCP,EZE,JGG@gmail.com,11/12/2021
CNBA,PRR,BYI@gmail.com,12/25/2021
TTHO,NVU,CBA@gmail.com,12/15/2021
ZSIV,MNL,RZS@gmail.com,6/24/2021
NLQX,LSS,GSC@gmail.com,9/5/2021
RERS,USO,TZN@gmail.com,11/9/2021
MNXS,HWC,RLV@gmail.com,8/16/2021
EWWU,VSH,CJW@gmail.com,5/19/2021
AJKD,ZSF,KPT@gmail.com,4/8/2021
ETAR,YTS,AZD@gmail.com,7/5/2021
MLRF,IRJ,DKF@gmail.com,9/24/2021
FWJE,RCZ,AOP@gmail.com,2/9/2021
GUBM,QRR,XEO@gmail.com,2/26/2021
TQPQ,QNH,DNE@gmail.com,5/27/2021
NSPR,TKW,GNE@gmail.com,12/21/2021
QTYW,SAC,TGG@gmail.com,7/6/2021
CQVU,RGK,QYF@gmail.com,7/17/2021
LPKL,JRC,QEN@gmail.com,6/4/2021
PBKB,JYJ,EDC@gmail.com,2/25/2021
RLWH,USS,JGP@gmail.com,10/20/2021
AKSR,CWI,NFI@gmail.com,5/3/2021
SVSH,POW,GAK@gmail.com,2/14/2021
PMTK,YIH,BTJ@gmail.com,11/9/2021
AYRT,BIX,TNJ@gmail.com,10/3/2021
DEGD,JDA,RFI@gmail.com,11/8/2021
AONA,SXB,OBX@gmail.com,10/17/2021
ZYFE,GJX,OLF@gmail.com,1/13/2021
RKYH,DUF,ZOZ@gmail.com,5/26/2021
GPXV,UUY,JQU@gmail.com,12/3/2021
EDAD,FJJ,QQY@gmail.com,8/29/2021
QVSN,HHA,IOV@gmail.com,10/7/2021
NNZG,BHX,DXK@gmail.com,8/4/2021
CZXV,GAO,ALY@gmail.com,12/5/2021
OUWW,GWQ,VEE@gmail.com,12/8/2021
HPNV,YEK,QDB@gmail.com,5/13/2021
VZXG,DEC,XCT@gmail.com,4/15/2021
OEBD,QLA,XAF@gmail.com,4/17/2021
SFBC,IZB,IAY@gmail.com,8/23/2021
KNZS,ULN,YEM@gmail.com,9/15/2021
VQOJ,BAB,LIZ@gmail.com,5/29/2021
UZXI,BUA,FME@gmail.com,4/7/2021
YQUV,GED,XCG@gmail.com,3/29/2021
MWID,MSN,HVS@gmail.com,6/1/2021
LHJT,KWY,CTF@gmail.com,12/10/2021
ULED,ULC,QQJ@gmail.com,2/5/2021
QGCZ,FXM,MMI@gmail.com,2/3/2021
PPHC,USH,INK@gmail.com,10/5/2021
YBDS,USA,ZGB@gmail.com,5/14/2021
CHAU,VKR,EFB@gmail.com,6/3/2021
THBW,NER,AEV@gmail.com,9/26/2021
SEGM,COE,HEN@gmail.com,8/10/2021
SVRS,NSK,XYJ@gmail.com,11/30/2021
CQLK,VLY,VXZ@gmail.com,4/2/2021
FWLB,VZC,ANC@gmail.com,11/21/2021
RDRX,HKR,OTM@gmail.com,6/1/2021
RRJA,MTM,LGV@gmail.com,8/19/2021
JVLV,TYU,BKK@gmail.com,3/6/2021
QUVE,XSS,HOX@gmail.com,5/15/2021
JNCD,KHN,ROF@gmail.com,10/18/2021
PDII,CMW,GKV@gmail.com,7/4/2021
NXFJ,SJI,FWI@gmail.com,8/14/2021
EBKI,DYD,USV@gmail.com,7/6/2021
ZNUR,WBO,SDU@gmail.com,4/11/2021
AUGG,TJQ,JCH@gmail.com,8/21/2021
WZJY,DFB,JKG@gmail.com,2/25/2021
CZXA,YMM,PSA@gmail.com,6/25/2021
FGGX,KRV,UEF@gmail.com,9/29/2021
ZZGQ,PLW,NNP@gmail.com,12/5/2021
YFJE,IAZ,FBI@gmail.com,10/15/2021
HWTY,AUL,JEQ@gmail.com,6/24/2021
KPGC,ZAF,QWC@gmail.com,2/13/2021
OMKH,YOX,XSB@gmail.com,12/21/2021
OFKW,ALB,FBS@gmail.com,4/20/2021
IFFA,CZL,CDM@gmail.com,11/8/2021
GZYD,PSB,MIE@gmail.com,7/11/2021
NVKF,PTA,MAA@gmail.com,6/14/2021
SNIQ,MZW,WPG@gmail.com,8/17/2021
CHQM,ELX,YXO@gmail.com,3/27/2021
ZJXK,PPC,ZJY@gmail.com,3/8/2021
XURV,CKW,KIA@gmail.com,10/18/2021
NDJP,WMN,GCH@gmail.com,11/12/2021
UVDQ,TJB,AIB@gmail.com,10/19/2021
QZIJ,CDI,IYY@gmail.com,3/10/2021
LDOQ,XPD,CJC@gmail.com,8/23/2021
XNDF,JPM,YQY@gmail.com,8/12/2021
TQWK,LCI,UYO@gmail.com,7/25/2021
LMHB,TKJ,PYY@gmail.com,7/15/2021
JGSW,BBK,GMF@gmail.com,2/7/2021
QJVF,VCA,DNR@gmail.com,3/22/2021
TGMZ,BAU,GTN@gmail.com,5/9/2021
WYUK,GAS,TKY@gmail.com,5/12/2021
NHHZ,SIC,TDP@gmail.com,6/29/2021
WBMF,NPI,YZX@gmail.com,5/11/2021
DACI,MRO,MDF@gmail.com,8/15/2021
XPSL,IRY,NVF@gmail.com,11/7/2021
PDLG,RYS,AKT@gmail.com,9/4/2021
FYGY,WFD,EDJ@gmail.com,5/8/2021
NIEN,NGK,RBV@gmail.com,12/29/2021
ONQY,ASF,SGY@gmail.com,10/17/2021
OTBM,KVR,BUO@gmail.com,6/25/2021
ASPQ,YDR,SWD@gmail.com,2/19/2021
HJUT,UON,WHA@gmail.com,10/21/2021
XNJM,ERZ,YTD@gmail.com,2/3/2021
JDXX,TLL,RRL@gmail.com,3/3/2021
NNVF,XWO,QQB@gmail.com,4/14/2021
DWDW,PZL,SME@gmail.com,1/19/2021
ZRZU,GBW,WMK@gmail.com,5/4/2021
ACIN,BOK,RZZ@gmail.com,9/6/2021
BVWT,ORX,PRH@gmail.com,10/12/2021
BBUN,UIM,FOJ@gmail.com,11/21/2021
QSQK,AKO,QXB@gmail.com,9/7/2021
ALVV,HCU,ZBN@gmail.com,6/8/2021
QPBC,DZD,BLV@gmail.com,12/16/2021
YDEW,BEG,VQS@gmail.com,1/27/2021
WTDR,EOS,ZGR@gmail.com,8/3/2021
SGUT,ZSJ,OTO@gmail.com,7/13/2021
JPTB,OCY,UKE@gmail.com,2/12/2021
OZWR,ZBD,YAM@gmail.com,6/2/2021
HIXL,AMH,NWV@gmail.com,6/28/2021
MUEB,ULF,UAD@gmail.com,12/10/2021
LEVB,LRQ,PRE@gmail.com,9/20/2021
JLKO,INJ,RRP@gmail.com,10/7/2021
FZJW,GRK,YYA@gmail.com,8/18/2021
KKOX,JPM,CYX@gmail.com,5/16/2021
TYTG,EDL,LDZ@gmail.com,10/5/2021
CFPZ,KSF,FKY@gmail.com,11/12/2021
YRDO,TYN,YLI@gmail.com,9/7/2021
ZOGE,AKW,OPX@gmail.com,6/28/2021
RLJT,OKJ,OJM@gmail.com,3/19/2021
MRYE,LVM,KRJ@gmail.com,9/4/2021
EHYY,DYW,CMV@gmail.com,7/10/2021
SJAP,QMG,ZSE@gmail.com,4/11/2021
XUNB,XFK,DMR@gmail.com,3/29/2021
AYYJ,VDZ,OEE@gmail.com,6/3/2021
IQDB,KXW,FVS@gmail.com,4/17/2021
ALEH,CPI,NFW@gmail.com,9/22/2021
JHZF,HIL,RXF@gmail.com,10/13/2021
PHDN,HRR,AWF@gmail.com,2/2/2021
BGHW,WBD,QKX@gmail.com,9/19/2021
CTQE,LRD,TQG@gmail.com,8/29/2021
EAVB,TFB,QMI@gmail.com,3/21/2021
HNPG,DZM,CGU@gmail.com,8/3/2021
BAKU,WNI,NMV@gmail.com,2/18/2021
NBCQ,MGU,NFD@gmail.com,8/11/2021
LDYQ,LOW,EGP@gmail.com,3/26/2021
QEHA,EMD,AVA@gmail.com,6/6/2021
RLXB,SLW,JRO@gmail.com,5/9/2021
JVQG,TZJ,JLC@gmail.com,8/13/2021
ACKT,ROF,ITQ@gmail.com,8/9/2021
PQJV,FTN,RVB@gmail.com,12/24/2021
QQHF,IKG,TET@gmail.com,8/3/2021
ECEO,UFX,LRW@gmail.com,1/20/2021
KGPU,NEI,AQN@gmail.com,9/8/2021
SHUK,DND,HIK@gmail.com,12/2/2021
OFBI,OUL,SVU@gmail.com,11/15/2021
NBHY,VYP,ETC@gmail.com,5/9/2021
RABS,IIN,TLB@gmail.com,6/29/2021
YMFY,HAN,VHE@gmail.com,5/15/2021
MFUD,FLL,LKB@gmail.com,9/3/2021
EGBJ,WFZ,VCB@gmail.com,7/30/2021
LWNJ,VET,GLE@gmail.com,1/18/2021
UWOF,UJA,JGM@gmail.com,12/18/2021
OXJJ,MAN,TUD@gmail.com,4/28/2021
NPXO,ZLN,DSR@gmail.com,9/16/2021
DFJJ,RVF,OKY@gmail.com,2/15/2021
DPWP,OLX,MRF@gmail.com,11/13/2021
VWUT,AOP,SGD@gmail.com,11/5/2021
WEMZ,RNU,SFR@gmail.com,6/23/2021
CGDR,GCN,QCS@gmail.com,3/16/2021
UNAT,VKF,RNB@gmail.com,12/28/2021
LGNP,TJY,LLX@gmail.com,1/29/2021
FPYB,DGB,QZQ@gmail.com,5/13/2021
QGOM,LPT,HVN@gmail.com,11/7/2021
ZJWT,ONZ,VXM@gmail.com,6/14/2021
WLHT,WWW,XRD@gmail.com,6/10/2021
XYMU,ILQ,RHK@gmail.com,3/19/2021
SBYO,GBU,YSS@gmail.com,10/26/2021
HVCO,RWE,KEM@gmail.com,7/9/2021
FNGR,SWZ,DBT@gmail.com,6/7/2021
ZEWE,ASL,YAE@gmail.com,4/26/2021
SSYS,PJR,JMX@gmail.com,5/9/2021
NIJI,AQH,OWO@gmail.com,8/29/2021
SNAA,JJW,GRU@gmail.com,3/1/2021
NKCP,SEW,KBL@gmail.com,4/10/2021
QTIL,FWW,ZSS@gmail.com,2/21/2021
QCFW,PZZ,DQI@gmail.com,11/29/2021
OQUJ,LXO,VBL@gmail.com,4/19/2021
LOOL,JPS,CHQ@gmail.com,11/7/2021
VTBY,WAC,KFE@gmail.com,2/20/2021
CTUE,WZU,IXQ@gmail.com,6/30/2021
BPVA,NVN,DSU@gmail.com,8/19/2021
XRFC,HDA,KSK@gmail.com,9/20/2021
CESJ,UGK,ZHA@gmail.com,3/17/2021
CIRY,VDW,TIS@gmail.com,11/23/2021
GOQQ,GTU,RUF@gmail.com,8/6/2021
RXDX,FFD,AMX@gmail.com,8/25/2021
HSZM,WFU,SYQ@gmail.com,12/11/2021
JKTY,HEL,YOT@gmail.com,5/12/2021
CEWA,DYP,XFF@gmail.com,9/7/2021
XVZG,VBX,DGY@gmail.com,12/13/2021
IUSV,ETH,DCP@gmail.com,8/26/2021
UDVZ,GRU,LVU@gmail.com,11/21/2021
UONR,IJU,SUH@gmail.com,5/9/2021
MZLL,NKH,MBA@gmail.com,8/3/2021
KAPP,AGC,QKP@gmail.com,12/1/2021
PWQN,VZV,KNT@gmail.com,2/15/2021
MXOU,QGD,QLJ@gmail.com,2/11/2021
RGHM,MQX,HJU@gmail.com,1/12/2021
FXCG,BYA,IMT@gmail.com,9/20/2021
TVVG,LPT,BTS@gmail.com,2/6/2021
NGNA,XLN,CIS@gmail.com,6/26/2021
ZXWU,TDU,VPC@gmail.com,3/22/2021
TSTQ,VQM,JAG@gmail.com,4/11/2021
LTQF,VWV,RJF@gmail.com,2/15/2021
TOGK,HND,ZLL@gmail.com,10/20/2021
EQGO,XQX,BVX@gmail.com,6/10/2021
DHLS,TUB,XTB@gmail.com,2/4/2021
IMGX,OTU,QKQ@gmail.com,8/5/2021
VZFW,KGB,DUT@gmail.com,6/18/2020
NGVU,TQS,MKE@gmail.com,5/5/2021
SVEK,OGL,HTN@gmail.com,8/8/2021
TMEE,SFS,RHF@gmail.com,2/6/2021
UBBV,WOB,VRF@gmail.com,4/3/2021
BIPG,GCE,ZMT@gmail.com,5/20/2021
RYFC,PFI,YZC@gmail.com,11/18/2021
RFUP,NXZ,GDO@gmail.com,9/30/2021
SZGK,PWI,XDN@gmail.com,10/26/2021
ECBI,UFE,TOS@gmail.com,6/9/2021
FNCM,UPZ,CKV@gmail.com,4/29/2021
ERES,UPA,CHL@gmail.com,4/10/2021
XVOG,KRI,PJW@gmail.com,4/13/2021
NVOZ,THG,TXQ@gmail.com,9/27/2021
EZPK,SPG,DEA@gmail.com,4/27/2021
XYZX,INV,IOD@gmail.com,12/20/2021
MBTC,BES,RTP@gmail.com,5/16/2021
SPRB,TUY,XBB@gmail.com,10/18/2021
OUHM,ZXK,LWH@gmail.com,2/13/2021
PQSP,ZCH,TUC@gmail.com,11/8/2021
VGCV,UNZ,UBQ@gmail.com,12/21/2021
EIHB,AIP,DAL@gmail.com,10/12/2021
JTVE,IRE,SJT@gmail.com,2/16/2021
DPOJ,ZTW,QBO@gmail.com,10/30/2021
PIKT,OTO,UQS@gmail.com,8/1/2021
AWXU,QQQ,UQL@gmail.com,8/23/2021
SNDV,YYL,EZA@gmail.com,9/25/2021
XDJP,KSJ,WJM@gmail.com,12/19/2021
GXYD,HNK,FJY@gmail.com,9/8/2021
LGAR,TFG,YNY@gmail.com,2/13/2021
RDPA,JHD,IQU@gmail.com,11/13/2021
MRCQ,XMV,YVE@gmail.com,3/26/2021
EFUF,LSM,WLN@gmail.com,6/3/2021
GQJA,NEA,JXN@gmail.com,7/15/2021
QRWL,ALV,THW@gmail.com,5/23/2021
XJZO,RBG,SFG@gmail.com,12/5/2021
RZKJ,TGA,PAC@gmail.com,9/7/2021
BINR,FLB,VHU@gmail.com,5/5/2021
UDKF,JLQ,TGM@gmail.com,3/5/2021
QEKU,CVF,KDB@gmail.com,3/3/2021
FCIF,RCT,MXH@gmail.com,11/9/2021
YMQN,QXK,VKM@gmail.com,1/18/2021
UAAV,SVP,RYM@gmail.com,2/9/2021
HYJG,PTY,DGC@gmail.com,5/25/2021
PEYR,IXR,HNY@gmail.com,6/27/2021
ODYZ,FJQ,EJJ@gmail.com,7/8/2021
BGRG,ZSV,OJH@gmail.com,3/30/2021
VAHH,HAD,TCS@gmail.com,11/17/2021
UFXR,QMR,UBY@gmail.com,6/11/2021
JSNM,JXW,YLZ@gmail.com,12/10/2021
LCCH,EEX,PZO@gmail.com,1/22/2021
ARVG,XBT,SOL@gmail.com,3/13/2021
IRJA,GKF,GNW@gmail.com,4/5/2021
KWYF,TGF,DJO@gmail.com,2/15/2021
VQCB,CAU,RAF@gmail.com,9/25/2021
QWRP,OHW,HHC@gmail.com,6/30/2021
ATFK,VGJ,TKN@gmail.com,7/11/2021
MCFA,FJH,UNP@gmail.com,9/23/2021
TIOP,MWR,QZC@gmail.com,2/22/2021
CDQA,VXB,TJG@gmail.com,7/3/2021
SUHU,QLC,NJT@gmail.com,5/24/2021
QEWA,AIZ,HTA@gmail.com,3/28/2021
XFYN,JQC,CYO@gmail.com,12/2/2021
APMB,APD,VNH@gmail.com,6/15/2021
MDZB,CZI,TTA@gmail.com,5/9/2021
VRQX,VDM,UIV@gmail.com,3/10/2021
CDZP,YHH,TPH@gmail.com,12/14/2021
GINZ,DCM,NEK@gmail.com,12/5/2021
BLTE,EQF,WEJ@gmail.com,12/3/2021
BCST,HRF,TCR@gmail.com,4/28/2021
NWFX,LWV,OCZ@gmail.com,7/28/2021
SNLG,GFN,TLX@gmail.com,9/17/2021
MCDA,DZQ,RHH@gmail.com,9/21/2021
IZXE,EPP,GFZ@gmail.com,11/5/2021
DYLR,XIX,LVR@gmail.com,1/30/2021
TXHG,TAS,YKH@gmail.com,3/16/2021
FWHM,JDT,AVA@gmail.com,11/18/2021
APIM,YKU,QFX@gmail.com,7/17/2021
NIJX,GAD,UDY@gmail.com,1/3/2021
ATAK,OIE,EGY@gmail.com,3/20/2021
PLWK,XJG,RZY@gmail.com,6/14/2021
TUDI,LSM,XQE@gmail.com,11/22/2021
FRRI,QXF,JGK@gmail.com,7/16/2021
IDVJ,RHV,YPV@gmail.com,6/18/2021
GFWQ,YIW,FRP@gmail.com,12/12/2021
JMRZ,HFJ,LXF@gmail.com,10/15/2021
ITQN,YEQ,GWL@gmail.com,1/16/2021
ZMUV,XWW,VZH@gmail.com,3/24/2021
PUZE,HWC,LGA@gmail.com,9/2/2021
HXCY,PEY,OYQ@gmail.com,6/17/2021
LSZE,RMR,WPU@gmail.com,3/30/2021
XLTC,ZQH,WPP@gmail.com,12/1/2021
FPDK,PSZ,AZQ@gmail.com,8/19/2021
BNPU,ELI,UDS@gmail.com,6/27/2021
ZVEU,NFS,XIO@gmail.com,12/8/2021
HXXA,CUC,EUR@gmail.com,3/2/2021
HDAR,BQC,FKD@gmail.com,4/23/2021
JEAN,IWL,PVI@gmail.com,6/26/2021
BMFX,HNH,ZHE@gmail.com,1/20/2021
JFOD,VBY,EGV@gmail.com,6/13/2021
TOMP,ZBK,CVQ@gmail.com,1/27/2021
KAIT,NMO,IKE@gmail.com,10/4/2021
MUKQ,KDE,ZGH@gmail.com,4/17/2021
VUYR,OWY,QLB@gmail.com,4/1/2021
MGIH,ACY,BUM@gmail.com,4/9/2021
YJSV,RKA,LAU@gmail.com,12/8/2021
RYWI,JEB,LDE@gmail.com,7/16/2021
JSFP,HRW,SGC@gmail.com,6/6/2021
IMKN,TTS,WRY@gmail.com,3/12/2021
GEMS,OQY,UIX@gmail.com,10/6/2021
VSLU,YKD,QDY@gmail.com,3/5/2021
VQAD,RDO,WYP@gmail.com,12/20/2021
HWUY,HFS,CCL@gmail.com,5/28/2021
NOUM,SUE,GHE@gmail.com,8/29/2021
HMMC,UOS,GZR@gmail.com,11/30/2021
GSBB,ZWE,CKY@gmail.com,5/13/2021
WOVP,OSR,AJN@gmail.com,7/18/2021
RXXA,NEM,AGQ@gmail.com,4/29/2021
GEKO,XQV,MNV@gmail.com,5/1/2021
EKYC,IVB,CZO@gmail.com,12/2/2021
AKBX,SMK,EPZ@gmail.com,7/8/2021
CXTC,XZI,PLE@gmail.com,12/9/2021
XFEI,ZTD,ERM@gmail.com,7/19/2021
RXDU,ELA,GIU@gmail.com,4/13/2021
OWVR,MOP,IMU@gmail.com,1/23/2021
BNSX,PQQ,BWO@gmail.com,2/21/2021
TVTH,KVF,SII@gmail.com,5/30/2021
PDTA,CCM,CMJ@gmail.com,11/11/2021
BFAU,IAF,KEI@gmail.com,9/26/2021
NFST,GFD,IUQ@gmail.com,11/25/2021
TAYC,CGA,SXJ@gmail.com,2/16/2021
YMPI,GSG,RYT@gmail.com,7/7/2021
NEIL,CNY,BPG@gmail.com,4/7/2021
WRWW,CBU,YQU@gmail.com,9/22/2021
YWOJ,PMR,EUS@gmail.com,5/22/2021
VQTE,IJG,VPX@gmail.com,4/14/2021
GWEJ,WGW,ILO@gmail.com,3/13/2021
ZRGW,IOW,BHD@gmail.com,12/8/2021
MIZL,NCL,PFI@gmail.com,10/19/2021
TUQR,IVG,WFG@gmail.com,4/30/2021
MVCL,ESR,YSE@gmail.com,9/17/2021
BYKK,XHU,GWE@gmail.com,3/23/2021
EXCY,AIQ,FHH@gmail.com,3/13/2021
FNSS,BGV,YVS@gmail.com,12/9/2021
DTLO,EMA,PFW@gmail.com,4/16/2021
ZPPB,BGG,BQY@gmail.com,11/27/2021
WKVZ,EII,HTU@gmail.com,2/23/2021
MLHL,LHP,UMG@gmail.com,10/30/2021
ELEP,UPS,OEY@gmail.com,3/15/2021
QCHX,GPQ,CED@gmail.com,1/12/2021
AGOB,LCS,YDO@gmail.com,2/20/2021
APMO,ELH,MOT@gmail.com,8/21/2021
YLAD,OQV,IHE@gmail.com,7/20/2021
GXLH,USR,JPF@gmail.com,3/20/2021
JHCQ,MLN,OZT@gmail.com,2/15/2021
GCLY,MVF,PYD@gmail.com,12/23/2021
IKED,IQO,KWN@gmail.com,11/2/2021
SAUT,FHY,GDT@gmail.com,6/1/2021
MLGT,LTO,WSZ@gmail.com,7/8/2021
IMPB,NSY,WTF@gmail.com,8/21/2021
PQHT,XQW,HKY@gmail.com,3/16/2021
EKJP,ZNN,IUE@gmail.com,9/1/2021
FIQG,NTU,OZN@gmail.com,7/30/2021
ACHK,AZH,MLU@gmail.com,10/22/2021
QWJH,DND,WUV@gmail.com,6/27/2021
AKZU,OMR,LQF@gmail.com,10/22/2021
BMJS,AOV,VLA@gmail.com,8/19/2021
PISB,RHD,MQY@gmail.com,7/27/2021
ETUD,DBH,UZT@gmail.com,10/12/2021
HMHY,JVN,LMK@gmail.com,11/13/2021
WMXR,OXS,JSN@gmail.com,7/26/2021
XXDN,HXI,FLC@gmail.com,10/22/2021
BIJK,ATT,LHP@gmail.com,12/19/2021
QQSU,INL,DSU@gmail.com,5/2/2021
RPUI,YCQ,GTB@gmail.com,6/20/2021
XTNU,JTK,ULP@gmail.com,11/13/2021
VSHI,LMW,HLR@gmail.com,9/22/2021
ESGE,VIB,PSW@gmail.com,3/17/2021
VXTA,HRN,SKY@gmail.com,12/22/2021
PKCJ,VPD,UCZ@gmail.com,8/18/2021
IMKQ,AXY,FWY@gmail.com,6/18/2021
KUNN,SBH,MUR@gmail.com,1/26/2021
MDFU,WCX,LEW@gmail.com,6/3/2021
DJXU,SRV,KNN@gmail.com,3/23/2021
LZMI,EZW,FFF@gmail.com,5/18/2021
YOUU,WKO,MBX@gmail.com,7/20/2021
LLNT,VLP,POS@gmail.com,3/14/2021
HRKT,BNF,ZEE@gmail.com,2/14/2021
LLDE,KMP,NWX@gmail.com,7/8/2021
ZKOR,BIA,SEU@gmail.com,3/29/2021
NQRV,OCF,HNY@gmail.com,6/13/2021
UMAA,PIH,CVF@gmail.com,6/5/2021
COBS,ZBN,BRM@gmail.com,2/2/2021
VXJN,MAU,ALH@gmail.com,3/25/2021
MPZJ,YJH,IIY@gmail.com,10/4/2021
MIKI,FLH,VET@gmail.com,11/30/2021
LLUQ,YSK,QWN@gmail.com,8/9/2021
AGOZ,ZSQ,CDF@gmail.com,3/26/2021
OSIQ,CHJ,VLG@gmail.com,2/15/2021
BWZQ,RVW,NOW@gmail.com,6/2/2021
VFTT,EAE,MOQ@gmail.com,11/22/2021
NXEO,AWP,GII@gmail.com,1/12/2021
APSW,NPU,GGB@gmail.com,1/23/2021
JLNF,EUX,FID@gmail.com,2/5/2021
ZTVA,ZCK,LRU@gmail.com,3/5/2021
XDMK,GBI,HRU@gmail.com,3/17/2021
JYUQ,WNZ,PHW@gmail.com,3/7/2021
YSIL,CZY,NNB@gmail.com,12/29/2021
LRJF,KON,RMV@gmail.com,9/9/2021
FKSP,FIM,KVZ@gmail.com,1/29/2021
NMAI,EBG,JGH@gmail.com,5/26/2021
UVUH,USY,ZHX@gmail.com,6/1/2021
OAYZ,LXM,TRD@gmail.com,3/20/2021
PZCW,GOR,EPT@gmail.com,7/7/2021
JQYE,IBV,EXV@gmail.com,9/12/2021
NKAK,AWI,XFD@gmail.com,10/28/2021
UYFN,DWS,EVX@gmail.com,1/16/2021
PCOY,LCU,PCU@gmail.com,12/27/2021
UIDE,YMG,JUT@gmail.com,11/18/2021
XXBA,OUF,GWE@gmail.com,1/12/2021
VXWZ,YHG,TRY@gmail.com,10/26/2021
QIJQ,JCW,ZMC@gmail.com,3/11/2021
KSQF,VTB,RNN@gmail.com,5/20/2021
WMMU,VWL,FPN@gmail.com,9/29/2021
WFAI,QLT,MCS@gmail.com,8/16/2021
HECH,DOH,VRD@gmail.com,7/24/2021
PWBO,RQI,EKS@gmail.com,9/4/2021
GYOJ,XSW,HHG@gmail.com,9/28/2021
UDYP,ZTO,FUU@gmail.com,12/14/2021
JMOW,IHC,RAF@gmail.com,1/10/2021
AEFK,PQC,TPK@gmail.com,10/6/2021
YWOO,JTP,CDG@gmail.com,5/10/2021
WSKL,IPI,LOP@gmail.com,5/8/2021
PZFM,PMQ,ZUY@gmail.com,7/7/2021
MMEM,XPB,GEG@gmail.com,3/16/2021
OODR,HGK,ZJQ@gmail.com,11/22/2021
ORFK,QUZ,VFH@gmail.com,2/4/2021
OAHN,WXN,PMG@gmail.com,9/14/2021
QFIK,XBP,ZFE@gmail.com,10/8/2021
XXIB,GSX,XCM@gmail.com,4/8/2021
HJQH,GMO,YAC@gmail.com,4/30/2021
QEMU,MLT,JIF@gmail.com,3/30/2021
MFON,SVJ,YRE@gmail.com,12/8/2021
UMZI,VGR,FCF@gmail.com,11/2/2021
XFXY,UGI,YUG@gmail.com,9/17/2021
KWZE,FDQ,DPE@gmail.com,4/12/2021
LROB,ITT,PFH@gmail.com,12/23/2021
IYQH,TSL,ZNI@gmail.com,7/13/2021
CFVZ,UBQ,HLM@gmail.com,9/1/2021
MGOF,YMV,TTK@gmail.com,3/27/2021
KLCF,QAJ,OAF@gmail.com,9/7/2021
WNYP,HFG,NAF@gmail.com,5/1/2021
NKNQ,QCA,AOB@gmail.com,1/25/2021
XKXH,KWL,HQU@gmail.com,6/26/2021
UDGC,RYC,RIH@gmail.com,4/23/2021
ANNA,GHE,DVC@gmail.com,3/6/2021
USAJ,GVE,RFN@gmail.com,3/17/2021
OSMR,YYG,XZP@gmail.com,11/14/2021
OROF,UQP,UOG@gmail.com,10/18/2021
VZQY,TKG,SNP@gmail.com,2/3/2021
XKAT,YXJ,QIV@gmail.com,10/7/2021
PJEW,HYT,IBK@gmail.com,10/10/2021
IESF,MVL,AKR@gmail.com,1/30/2021
LSRR,OIH,DLC@gmail.com,11/18/2021
ZPAK,SCO,GBZ@gmail.com,10/6/2021
SDZM,XWW,JPD@gmail.com,11/7/2021
FSBL,QBR,GZY@gmail.com,5/6/2021
JSSH,EFQ,BKL@gmail.com,4/1/2021
BUKY,EFY,HIK@gmail.com,7/9/2021
TEIF,BRP,DSQ@gmail.com,4/6/2021
OBMN,JRH,ZJD@gmail.com,11/3/2021
KYMA,RMH,IQA@gmail.com,8/8/2021
BUID,DBJ,PND@gmail.com,8/7/2021
AEKJ,JIG,TEH@gmail.com,5/13/2021
OCQF,XNB,XLA@gmail.com,6/20/2021
LSAX,QMG,AYN@gmail.com,1/20/2021
UUOA,XIK,LZZ@gmail.com,3/17/2021
OIXK,ILM,NWB@gmail.com,6/5/2021
MSSJ,EHP,FDV@gmail.com,8/3/2021
LYTB,VGN,ADJ@gmail.com,4/27/2021
REOE,RTJ,HMP@gmail.com,4/29/2021
AUAT,WER,UAV@gmail.com,3/16/2021
NODO,YKS,KCK@gmail.com,12/11/2021
FGRB,ZCX,YCG@gmail.com,2/18/2021
QFGG,HXG,FZW@gmail.com,12/26/2021
NBBM,XCB,HCB@gmail.com,8/1/2021
